Num_Theatres_Widest,Num_Theatres_Opening,Franchise_Raw,Google_Trends,sentiment,metacritics,director_nom,director_win,numNominatedActors,numWinningActors,totNumNom,totNumWins,Adjusted Budget,Adjusted Worldwide,Adjusted Domestic,runtime,male_18_29_ratings,male_30_44_ratings,male_45_plus_ratings,female_18_29_ratings,female_30_44_ratings,female_45_plus_ratings,Adventure,Action,Animation,Family,Science Fiction,Comedy,Drama,Romance,Horror,Mystery,Documentary,Music,Thriller,Crime,War,total_language,total_countries,PG-13,PG,R,G,NC-17,NR,Mon,Tue,Wed,Thurs,Fri,Sat,Sun,Jan,Feb,Mar,Apr,May,Jun,Jul,Aug,Sep,Oct,Nov,Dec
26,1,0,0,0.705,81,0,0,0,0,0,0,0.008726356,0.529035309,-0.636700103,96,7.9,7.5,7.4,7.8,7.5,7.4,0,0,0,0,0,0,1,1,0,0,0,0,0,0,0,1,1,0,0,0,0,0,1,0,0,0,0,0,0,0,0,0,0,0,0,0,0,0,1,0,0,0
31,4,0,6,0.6124,68,0,0,0,0,0,0,0.009750403,0.591988728,-0.524267685,77,7.1,6.9,6.5,6.6,6.5,6.6,0,0,0,0,1,0,1,0,0,0,0,0,1,0,0,1,1,1,0,0,0,0,0,0,0,0,0,1,0,0,0,0,0,0,0,0,0,0,0,1,0,0
2712,760,1,0,0.7422,68,0,0,0,0,0,0,0.018859012,243.1555233,4.910145541,86,6.3,6.4,6.1,6,6.3,6,0,0,0,0,0,0,0,0,1,1,0,0,0,0,0,1,1,0,0,1,0,0,0,0,0,0,0,1,0,0,0,0,0,0,0,0,0,0,1,0,0,0
2,2,0,0,-0.3187,68,0,0,0,0,0,0,0.035974773,0.01038,-4.567874401,89,6.8,6.4,6.2,6.8,6.7,5.7,0,1,0,0,0,1,1,0,0,0,0,0,0,0,0,1,1,0,0,1,0,0,0,0,1,0,0,0,0,0,0,0,0,0,0,0,0,0,1,0,0,0
21,1,0,0,-0.4019,72,0,0,0,0,0,0,0.07126109,0.429759189,-0.844530253,99,6.3,6.1,5.8,6.4,6.3,5.8,0,0,0,0,0,1,1,1,0,0,0,0,0,0,0,1,1,0,0,0,0,0,1,0,0,0,0,1,0,0,0,0,0,0,0,0,0,0,0,0,1,0
230,41,0,0,-0.4939,73,0,0,0,0,0,0,0.090539453,28.69404187,2.77374546,100,7.2,7.3,7.3,7.2,7.3,7.4,0,0,0,0,0,1,1,0,0,0,1,0,0,0,0,1,1,0,1,0,0,0,0,0,0,0,0,0,1,0,1,0,0,0,0,0,0,0,0,0,0,0
2720,2720,0,3,-0.5346,30,0,0,0,0,0,0,0.102609727,44.12218268,3.152523085,87,4.4,4,3.9,4.7,4.1,3.9,0,0,0,0,0,0,0,0,1,0,0,0,1,0,0,1,1,0,0,1,0,0,0,0,0,0,0,1,0,0,0,0,0,0,0,0,1,0,0,0,0,0
94,4,0,0,-0.0258,66,0,0,0,0,0,0,0.109079445,1.963430013,0.34927055,92,7.1,6.9,6.8,7.3,7.2,7.2,0,0,0,0,1,0,1,0,0,0,0,0,0,0,0,1,1,1,0,0,0,0,0,0,0,0,0,1,0,0,0,0,0,0,0,0,1,0,0,0,0,0
441,441,0,0,-0.7906,38,0,0,0,0,0,0,0.132061069,13.47022901,2.600481992,111,6.3,6.1,6.9,7.7,7.7,8.1,0,0,0,0,0,0,1,0,0,0,0,0,0,0,0,1,1,0,1,0,0,0,0,0,0,0,0,1,0,0,0,0,0,0,0,0,0,0,1,0,0,0
101,13,0,0,-0.1779,72,0,0,0,0,0,0,0.136349306,1.745271122,0.556909914,90,6.9,6.7,6.6,6.5,6.5,6.6,0,0,0,0,0,1,1,0,0,0,0,0,0,0,0,1,1,0,0,1,0,0,0,0,0,0,0,0,0,1,0,0,0,0,0,0,0,0,1,0,0,0
116,24,0,0,0.3182,42,0,0,1,0,1,0,0.146171911,12.3259773,0.34927055,104,5.9,5.7,6,6.5,6.4,6.8,0,0,0,0,0,0,1,0,0,0,0,0,0,0,0,2,1,1,0,0,0,0,0,0,0,0,0,1,0,0,0,0,0,0,0,0,1,0,0,0,0,0
2709,2709,0,6,0,63,0,0,0,0,0,0,0.181078905,76.19243156,3.752398434,79,5.4,5.7,6.1,5.1,5.7,6.1,0,0,0,0,0,0,1,0,0,0,0,0,1,0,0,1,1,0,0,1,0,0,0,0,0,0,0,1,0,0,0,0,0,0,0,0,0,1,0,0,0,0
150,2,0,0,0.7906,88,0,0,0,0,0,0,0.201162791,26.02543605,2.469650358,85,8,7.9,7.7,7.7,7.9,8,0,0,0,0,0,0,1,1,0,0,0,1,0,0,0,1,1,0,0,1,0,0,0,0,0,0,0,1,0,0,0,0,1,0,0,0,0,0,0,0,0,0
352,352,0,0,0.9005,43,0,0,0,0,0,0,0.21815889,2.651721311,0.97520898,101,6.4,5.7,6,7.1,7.2,7.8,0,0,0,0,0,0,1,0,0,0,0,0,0,0,0,1,1,1,0,0,0,0,0,0,0,0,0,1,0,0,0,1,0,0,0,0,0,0,0,0,0,0
9,1,0,0,-0.128,36,0,0,0,0,0,0,0.26599016,0.060432964,-2.806220556,99,4.1,3.8,3.9,4.1,3.5,3.5,0,0,0,0,0,0,1,0,0,0,0,0,1,0,0,1,1,0,0,1,0,0,0,1,0,0,0,0,0,0,0,0,0,0,0,0,1,0,0,0,0,0
162,4,0,1,-0.4588,68,0,0,2,1,4,1,0.272698613,4.03593947,1.310681717,90,6.9,6.6,6.2,6.8,6.6,6.3,0,0,0,0,0,0,1,1,0,0,0,0,0,0,0,1,1,1,0,0,0,0,0,0,0,0,0,1,0,0,0,0,0,0,0,0,0,0,0,1,0,0
8,1,0,1,-0.5267,71,0,0,1,0,1,0,0.277089137,2.770891365,-2.067534991,92,7.2,7,6.8,7.4,7.2,7.1,0,1,0,0,0,0,1,0,0,0,0,0,0,1,0,1,1,0,0,1,0,0,0,0,0,0,0,0,0,0,0,0,0,0,0,0,0,0,0,1,0,0
97,8,0,1,-0.0516,87,0,0,0,0,0,0,0.404836193,2.429017161,0.705165158,88,7.9,7.7,7.7,7.8,7.9,7.8,0,0,0,0,0,0,0,0,0,0,1,0,0,0,0,1,1,0,0,1,0,0,0,0,0,0,0,1,0,0,0,0,0,0,0,0,1,0,0,0,0,0
10,2,0,0,-0.765,67,0,0,0,0,0,0,0.545397226,0.187616646,-3.450110819,95,6.7,6.3,6.1,5.9,5.7,6,0,0,0,0,0,0,0,0,1,0,0,0,1,1,0,2,1,0,0,1,0,0,0,0,0,0,0,1,0,0,0,0,0,0,0,0,0,0,1,0,0,0
25,3,0,14,-0.7814,63,0,0,0,0,0,0,0.548162231,4.604562738,-1.347731952,94,6.6,6.4,6.3,6.2,6.1,6.1,0,0,0,0,1,0,1,0,0,0,0,0,1,0,0,2,1,0,0,1,0,0,0,0,0,0,0,1,0,0,0,0,0,0,0,1,0,0,0,0,0,0
15,5,0,7,0.8268,59,0,0,0,0,0,0,0.548162231,0.109632446,-2.210621907,85,5.9,5.8,5.6,5.5,5.5,5.4,0,0,0,0,0,1,1,0,1,1,0,0,0,0,0,1,2,0,0,1,0,0,0,0,0,0,0,1,0,0,0,0,0,0,0,0,1,0,0,0,0,0
1027,706,0,1,0.8126,64,0,0,0,0,0,0,0.557165862,64.21336554,4.126887614,95,6.8,6.9,6.9,6.8,7,7.1,0,0,0,0,0,1,0,0,0,0,0,0,0,0,0,1,1,0,1,0,0,0,0,0,0,0,0,1,0,0,0,0,0,0,0,1,0,0,0,0,0,0
14,13,0,0,0.8126,62,0,0,1,0,1,0,0.594274809,1.286274809,-0.692124803,84,7.2,6.9,6.6,7.4,7.3,7.2,0,0,0,0,0,0,1,1,0,0,0,0,0,0,0,1,2,0,0,1,0,0,0,0,0,1,0,0,0,0,0,0,0,0,0,1,0,0,0,0,0,0
905,839,0,2,0.6486,28,0,0,0,0,0,0,0.602367688,40.3586351,3.697805377,122,6.4,6,6.4,7.5,7.3,7.7,0,0,0,0,0,0,1,0,0,0,0,0,0,0,0,1,1,0,1,0,0,0,0,0,0,0,0,1,0,0,0,0,0,0,0,0,0,0,1,0,0,0
49,4,0,0,-0.6124,74,0,0,0,0,0,0,0.696457327,0.841320451,-0.172782656,90,7.5,7.2,7,7.5,7.2,7.1,0,0,0,0,0,0,1,0,0,0,0,0,0,1,0,1,1,0,0,1,0,0,0,0,0,0,0,0,0,0,1,0,0,0,0,0,0,0,0,0,0,0
5,1,0,0,-0.8934,66,0,0,0,0,0,0,0.7126109,0.036397972,-3.313242217,98,6.6,6.5,6.6,6.4,6.4,6.7,0,1,0,0,1,0,1,0,1,0,0,0,1,0,0,1,1,0,0,1,0,0,0,0,0,0,0,0,0,0,0,0,0,0,0,0,0,0,1,0,0,0
2002,2002,0,4,0.8074,72,0,0,0,1,0,1,0.71826809,18.46975089,2.88796343,103,7.4,7.1,6.7,7.4,7.2,7,0,0,0,0,0,1,1,0,0,0,0,0,0,1,0,1,1,0,0,1,0,0,0,0,0,0,0,1,0,0,0,0,0,0,0,1,0,0,0,0,0,0
182,9,0,0,0,72,0,0,0,0,0,0,0.815012563,4.346733668,1.469424682,85,7,6.9,7,7,7,7.1,0,0,0,0,1,1,1,1,0,0,0,0,0,0,0,1,1,0,0,1,0,0,0,0,0,0,0,1,0,0,0,0,0,0,0,1,0,0,0,0,0,0
25,25,0,0,-0.6124,64,0,0,0,0,0,0,0.818095839,0.085518285,-2.459025066,102,5.7,5.6,5.4,4.8,5,5.3,0,0,0,0,0,0,0,0,1,0,0,0,1,0,0,1,1,0,0,1,0,0,0,0,0,0,0,0,0,0,0,0,0,0,0,0,0,0,0,0,0,1
4,1,0,0,-0.891,61,0,0,0,0,0,0,0.922666667,2.306666667,-2.921354814,91,6.4,6.3,6.3,6.2,6.5,6.6,0,0,0,0,0,1,0,0,1,0,0,0,0,0,0,1,1,0,0,1,0,0,0,0,0,0,0,1,0,0,1,0,0,0,0,0,0,0,0,0,0,0
107,23,0,0,0.8759,55,0,0,0,0,0,0,0.923680905,1.412688442,0.345494585,85,5.9,5.8,5.5,6.4,6.4,6.1,0,0,0,0,0,1,0,0,0,0,0,0,0,0,0,1,1,0,0,1,0,0,0,0,0,0,0,1,0,0,0,0,0,0,0,0,0,1,0,0,0,0
106,2,0,0,0.4588,85,0,0,1,0,1,0,0.924427481,6.206870229,1.271346044,107,7.3,7.2,7,7.3,7.3,7.4,0,0,0,0,0,0,1,0,0,0,0,0,0,0,0,1,1,0,0,1,0,0,0,0,0,0,0,1,0,0,0,0,0,0,0,0,0,1,0,0,0,0
4,3,0,0,-0.8979,66,0,0,0,0,0,0,0.981715006,0.028360656,-3.562752456,97,7,7.4,7.1,7.3,7.5,7.8,0,0,0,0,0,0,0,0,0,0,1,0,0,0,0,1,2,0,1,0,0,0,0,0,0,0,0,0,0,1,0,0,0,0,0,0,0,0,1,0,0,0
16,16,0,0,0.802,44,0,0,0,0,0,0,1.01443884,0.033705549,-3.39009281,100,5.6,5.3,5.4,5.9,5.6,5.9,0,0,0,0,0,1,0,0,0,0,0,0,0,0,0,1,2,0,0,1,0,0,0,0,0,0,0,0,1,0,0,0,0,0,0,1,0,0,0,0,0,0
2755,2739,0,5,-0.8316,59,0,0,0,0,0,0,1.026097272,65.77283511,3.507002638,82,5.7,5.6,5.3,5.5,5.5,5.3,0,0,0,0,0,0,0,0,1,0,0,0,1,0,0,1,1,0,0,1,0,0,0,0,0,0,0,1,0,0,0,0,0,1,0,0,0,0,0,0,0,0
18,8,0,1,0.0056,68,0,0,1,0,1,0,1.060897833,5.152724968,-1.095480316,101,7.5,7.2,7,7.3,7.2,7.1,0,0,0,0,0,1,1,0,0,0,0,0,0,1,0,3,1,0,0,1,0,0,0,0,0,0,0,1,0,0,0,0,0,0,1,0,0,0,0,0,0,0
165,3,0,0,-0.4588,76,0,0,0,0,0,0,1.06396064,4.468634686,1.497082923,104,8.1,7.6,7.6,7.7,7.7,7.9,0,0,0,0,0,0,1,1,0,0,0,0,0,0,0,2,3,0,1,0,0,0,0,0,0,0,0,0,0,0,0,0,0,0,0,0,0,0,1,0,0,0
47,2,0,0,0.1027,97,0,0,0,0,0,0,1.071833067,12.32122093,0.411262226,113,8.2,7.9,7.7,8,7.9,6.9,0,0,0,0,0,0,1,0,0,0,0,0,0,0,0,1,2,0,0,0,0,0,1,0,0,0,0,1,0,0,0,0,0,0,0,0,0,1,0,0,0,0
29,1,0,0,-0.7003,89,0,0,0,0,0,0,1.086683417,0.529214824,-0.636360835,115,8.4,8.2,7.9,8.1,8.1,7.7,0,0,0,0,0,0,0,0,0,0,1,0,0,0,0,2,2,0,0,0,0,0,1,0,0,0,0,1,0,0,0,0,0,0,0,0,0,1,0,0,0,0
2285,2551,0,4,-0.6597,64,0,0,0,0,0,0,1.086683417,110.6243719,4.059066652,83,7.1,7,6.9,6.9,6.9,7.1,0,0,0,0,0,0,0,0,1,0,0,0,1,0,0,1,1,0,0,1,0,0,0,0,0,0,0,1,0,0,1,0,0,0,0,0,0,0,0,0,0,0
516,4,0,0,-0.7096,79,0,0,2,0,2,0,1.086683417,9.888819095,1.87488979,98,7.2,7.1,7.4,7.2,7.2,7.6,0,0,0,0,0,1,1,1,0,0,0,0,0,0,0,1,1,0,0,1,0,0,0,0,0,1,0,0,0,0,0,0,0,0,1,0,0,0,0,0,0,0
1214,1161,0,1,0.8968,42,0,0,0,0,0,0,1.090794451,37.63240858,3.627865609,129,6.9,6.4,6.8,8,7.8,7.9,0,0,0,0,0,0,1,0,0,0,0,0,0,0,0,1,1,1,0,0,0,0,0,0,0,0,0,1,0,0,0,0,0,0,0,0,0,0,1,0,0,0
366,7,0,1,-0.8888,29,0,0,0,0,0,0,1.21450858,0.514141966,-0.665255854,96,6.6,6.3,6.2,6.7,6.5,6.7,0,0,0,0,0,0,1,0,0,0,0,0,1,0,0,1,1,0,0,1,0,0,0,1,0,0,0,0,0,0,0,0,0,0,0,0,0,0,1,0,0,0
20,2,0,0,-0.8316,82,0,0,0,0,0,0,1.257267442,0.369636628,-1.062043512,106,7.6,7.6,7.4,7.5,7.4,7.5,0,0,0,0,0,0,0,0,0,0,1,0,0,0,0,1,1,0,0,1,0,0,0,1,0,0,0,0,0,0,0,0,0,1,0,0,0,0,0,0,0,0
152,2,0,0,0.6486,58,0,0,1,0,1,0,1.281981279,9.446177847,0.29970005,103,7.1,7.1,7,7.3,7.2,7.1,0,0,0,0,0,0,1,0,0,0,0,0,1,0,0,1,1,0,0,1,0,0,0,0,0,0,0,1,0,0,1,0,0,0,0,0,0,0,0,0,0,0
2,1,0,0,0.7269,65,0,0,0,0,0,0,1.320610687,1.11459542,-4.250114874,78,6.2,6.1,6.1,5.9,5.9,6.2,0,0,0,0,0,0,1,1,0,0,0,0,1,1,0,2,1,0,0,1,0,0,0,0,0,0,0,1,0,0,0,0,0,1,0,0,0,0,0,0,0,0
587,4,0,0,-0.2732,75,0,0,0,0,0,0,1.320610687,65.76641221,3.460306112,100,7.3,7.5,7.2,7.4,7.7,7.8,0,0,0,0,0,0,0,0,0,0,1,0,0,0,0,1,1,0,1,0,0,0,0,0,1,0,0,0,0,0,1,0,0,0,0,0,0,0,0,0,0,0
74,8,0,0,-0.765,70,0,0,1,0,1,0,1.320610687,2.377099237,0.808722522,92,7.6,7.7,7.8,7.6,7.6,7.9,0,0,0,0,0,0,0,0,0,0,1,0,0,0,0,3,1,0,1,0,0,0,0,0,0,0,0,1,0,0,0,0,0,0,0,0,0,1,0,0,0,0
1789,1789,0,0,-0.3612,39,0,0,0,0,0,0,1.349453978,21.05148206,2.602285143,90,6.1,5.7,5.6,6.4,5.8,6,0,0,0,0,0,0,0,0,1,0,0,0,1,0,0,3,1,1,0,0,0,0,0,0,0,0,0,1,0,0,0,0,0,0,0,0,0,0,1,0,0,0
656,2,0,1,0.5719,66,0,0,1,0,1,0,1.349453978,20.51170047,2.496924627,103,7.5,7.3,7.5,7.5,7.6,7.8,0,0,0,0,0,0,1,0,0,0,0,0,0,0,0,1,1,0,0,1,0,0,0,0,0,0,0,1,0,0,0,0,0,0,0,0,0,0,0,0,0,1
591,591,0,1,0.34,61,0,0,0,0,0,0,1.595940959,3.830258303,1.314761366,104,5.8,5.7,5.7,6.1,5.9,5.7,0,0,0,0,0,1,0,1,0,0,0,0,0,0,0,1,1,0,0,1,0,0,0,0,0,1,0,0,0,0,0,0,0,0,0,0,1,0,0,0,0,0
354,354,0,0,0,57,0,0,0,0,0,0,1.630025126,1.678925879,0.235851408,101,5.4,5.1,4.9,5,4.9,4.9,0,0,0,0,0,0,0,0,1,0,0,0,1,0,0,1,3,0,0,1,0,0,0,1,0,0,0,0,0,0,0,0,0,0,0,0,0,0,1,0,0,0
2419,2408,1,0,0.4215,52,0,0,0,0,0,0,1.644486692,106.3434728,4.080947233,103,7,6.7,6.5,6.9,6.8,6.8,0,0,0,0,0,0,0,0,1,0,0,0,1,0,0,1,2,1,0,0,0,0,0,1,0,0,0,0,0,0,0,0,0,0,0,0,0,0,1,0,0,0
2467,2315,1,14,-0.936,46,0,0,0,0,0,0,1.671497585,143.6095008,4.342361378,103,7.8,7.7,7.2,7.5,7.5,7.2,0,0,0,0,0,0,0,0,1,1,0,0,0,1,0,1,1,0,0,1,0,0,0,0,0,0,0,1,0,0,0,0,0,0,0,0,0,0,0,1,0,0
1,1,0,0,0.2732,54,0,0,0,0,0,0,1.73,0.037022,-5.404122425,93,6.7,6.6,6.6,6.7,6.6,6.8,0,0,0,0,1,0,0,0,1,1,0,0,0,0,0,3,1,0,0,0,0,0,1,0,0,0,0,1,0,0,0,0,1,0,0,0,0,0,0,0,0,0
4,1,0,0,-0.9501,36,0,0,0,0,0,0,1.885901163,0.217507267,-1.525523016,86,6.5,6.3,6.1,6.1,6.4,6.5,0,0,0,0,0,1,0,0,1,0,0,0,0,0,0,1,1,0,0,1,0,0,0,1,0,0,0,0,0,0,0,0,0,0,0,0,0,0,0,1,0,0
318,4,0,0,0.0258,86,1,0,1,0,1,0,1.956030151,22.9290201,2.632575492,93,7.5,7.1,6.9,7.6,7.4,7.6,0,0,0,0,0,0,1,0,0,0,0,0,0,0,0,1,1,1,0,0,0,0,0,0,0,0,0,1,0,0,0,0,0,0,0,1,0,0,0,0,0,0
2874,2874,0,2,-0.431,63,0,0,0,0,0,0,1.97338403,74.22116603,3.805535253,87,5.6,5.7,5.7,5.4,5.5,5.8,0,0,0,0,0,0,1,0,1,0,0,0,1,0,0,1,2,1,0,0,0,0,0,0,0,0,0,1,0,0,0,0,0,0,0,0,0,1,0,0,0,0
74,4,0,0,-0.6486,59,0,0,2,1,2,2,2.024180967,1.236099844,-0.039977318,111,6.7,6.7,6.6,6.9,6.9,6.8,0,0,0,0,0,0,1,0,0,0,0,0,0,0,0,1,1,0,0,1,0,0,0,0,0,0,0,1,0,0,0,0,1,0,0,0,0,0,0,0,0,0
151,4,0,0,0.4215,82,0,0,2,0,4,0,2.024180967,14.97893916,2.30118005,81,7.6,7.4,7.1,7.1,7.1,7.1,0,0,0,0,0,1,1,0,0,0,0,0,0,0,0,2,1,0,0,1,0,0,0,0,0,1,0,0,0,0,0,0,0,0,0,0,0,0,0,1,0,0
1655,1218,0,0,-0.2204,83,0,0,0,0,0,0,2.052194543,15.08362989,2.713610043,100,7,6.9,6.6,6.5,6.4,6.2,0,0,0,0,0,0,0,0,1,0,0,0,1,0,0,1,1,0,0,1,0,0,0,0,0,1,0,0,0,0,0,1,0,0,0,0,0,0,0,0,0,0
795,795,0,0,0.6705,87,0,0,0,0,0,0,2.052194543,1.539145907,0.431227657,98,6.9,6.7,6.8,7.1,7,7,0,0,0,0,0,0,1,1,0,0,0,0,0,0,0,1,1,0,0,1,0,0,0,0,0,0,0,1,0,0,0,0,0,0,0,0,0,1,0,0,0,0
807,807,0,1,0.9223,36,0,0,0,0,0,0,2.052194543,2.873072361,0.981273994,97,5.4,5.2,5.4,5.5,5.4,6.2,0,0,0,0,0,0,1,0,0,0,0,0,1,1,0,1,1,1,0,0,0,0,0,0,0,0,0,0,0,0,0,0,0,0,0,0,0,0,1,0,0,0
2870,2870,0,0,0.4019,50,0,0,1,0,3,0,2.173366834,15.75690955,2.700526154,100,6.3,6,6,6.4,6.3,6.2,0,1,0,0,0,1,0,1,0,0,0,0,0,0,0,3,1,0,0,1,0,0,0,0,0,1,0,0,0,0,0,0,0,0,0,0,0,1,0,0,0,0
107,11,0,2,-0.7184,65,0,0,0,0,0,0,2.179109316,21.04942966,0.091963186,94,7.2,6.9,6.7,7,6.8,6.8,0,0,0,0,0,0,1,0,0,1,0,0,1,0,0,1,3,0,0,1,0,0,0,0,0,0,0,1,0,0,0,0,0,0,0,0,0,0,1,0,0,0
2124,2124,0,0,-0.7269,49,0,0,0,0,0,0,2.181588903,14.28940731,2.636351456,85,5.4,5.2,5.2,5.2,5.1,5.3,0,0,0,0,0,0,0,0,1,1,0,0,0,0,0,1,2,0,0,1,0,0,0,0,0,0,0,1,0,0,1,0,0,0,0,0,0,0,0,0,0,0
12,12,0,0,-0.2023,27,0,0,0,0,0,0,2.192648923,0.628193916,-2.282117908,108,6.3,6.3,6.2,6.4,6.4,6.6,0,0,0,0,0,0,0,0,1,0,0,0,1,1,0,1,1,0,0,1,0,0,0,0,0,0,0,0,0,0,0,0,0,0,0,1,0,0,0,0,0,0
250,2,0,0,-0.8225,88,0,0,1,0,2,0,2.192648923,8.660963245,1.550578209,109,8.3,8.2,8.2,8.2,8.2,8.4,0,0,0,0,0,0,0,0,0,0,1,0,0,0,0,1,1,1,0,0,0,0,0,0,0,0,0,1,0,0,0,0,0,0,0,0,0,0,0,1,0,0
141,4,0,0,-0.8271,90,0,0,2,1,4,1,2.192648923,15.12927757,1.963765363,100,7.2,7.1,7.4,7.1,7.2,7.6,0,0,0,0,0,0,1,0,0,0,0,0,0,0,0,1,1,0,0,1,0,0,0,0,0,0,0,1,0,0,0,0,0,0,0,1,0,0,0,0,0,0
700,700,0,0,0.7269,40,0,0,0,0,0,0,2.192648923,0.697262357,-0.36059353,120,5,4.6,3.8,5,3.6,3.7,0,0,0,0,0,1,0,0,0,0,0,0,0,0,0,2,1,0,0,1,0,0,0,0,0,0,0,1,0,0,0,0,0,0,0,0,0,0,1,0,0,0
137,3,0,2,-0.2263,91,0,0,0,0,0,0,2.29738893,4.043050431,1.396999464,80,7.6,7.3,7.4,7.5,7.3,7.5,0,0,0,0,0,0,1,0,0,0,0,0,0,0,0,1,3,1,0,0,0,0,0,0,0,0,0,1,0,0,0,0,0,0,0,0,0,0,0,1,0,0
166,10,0,0,0.891,80,0,0,0,0,0,0,2.306666667,40.25133333,3.148338905,129,8.3,8.2,8.1,8.3,8.2,8.3,0,0,0,0,0,0,1,1,0,1,0,0,0,1,0,1,2,0,0,1,0,0,0,0,0,0,0,0,0,0,0,0,0,0,0,0,0,1,0,0,0,0
208,5,0,0,0.5574,91,0,0,0,0,0,0,2.409470752,13.37256267,1.019169061,90,8.2,8,7.7,8.1,8.1,7,0,0,1,0,0,0,1,0,0,0,0,0,0,0,1,4,3,0,0,1,0,0,0,0,0,1,0,0,0,0,0,0,0,0,0,1,0,0,0,0,0,0
48,42,1,0,-0.5719,66,0,0,0,0,0,0,2.514534884,6.789244186,0.187076465,95,5.7,5.7,5.8,5.6,5.4,5.8,0,1,0,0,1,0,0,0,1,0,0,0,0,0,0,1,1,0,0,1,0,0,0,0,0,0,0,0,1,0,0,0,0,0,0,0,0,0,1,0,0,0
707,605,0,1,0.1779,75,0,0,0,0,0,0,2.514534884,27.91133721,3.178629004,108,7,6.9,7,7.1,7.2,7.5,0,0,0,0,0,1,0,0,0,0,0,0,0,0,0,1,1,1,0,0,0,0,0,0,0,0,0,1,0,0,0,0,0,0,1,0,0,0,0,0,0,0
13,5,0,0,0.2815,66,0,0,1,0,1,0,2.641221374,0.822740458,-1.336356183,96,6.5,6.5,6.7,6.6,6.8,7,0,0,0,0,0,0,1,0,0,0,0,0,0,0,0,1,1,0,0,1,0,0,0,0,0,0,0,1,0,0,0,0,0,0,0,0,0,0,1,0,0,0
70,6,0,1,0.4939,64,0,0,0,0,0,0,2.641221374,7.263358779,0.971241452,101,6.4,6.4,6.6,6.7,6.9,6.7,0,0,0,0,0,1,1,1,0,0,0,0,0,0,0,1,1,0,0,0,0,1,0,0,0,0,0,0,1,0,0,0,0,0,1,0,0,0,0,0,0,0
259,9,0,0,0,89,0,0,0,0,0,0,2.641221374,102.2152672,2.702896997,137,8.5,8.4,8.4,8.5,8.6,8.2,0,0,0,0,0,0,1,0,0,0,0,0,1,0,0,1,1,0,0,1,0,0,0,0,0,1,0,0,0,0,0,0,1,0,0,0,0,0,0,0,0,0
2160,2160,0,1,0,20,0,0,0,0,0,0,2.659901599,63.94403444,3.750877851,86,5.3,4.8,4.5,5.5,4.8,4.9,0,0,0,0,0,1,0,0,1,0,0,0,0,0,0,1,1,0,0,1,0,0,0,0,0,0,0,1,0,0,1,0,0,0,0,0,0,0,0,0,0,0
770,770,0,1,0.4215,82,0,0,1,1,1,1,2.659901599,7.341328413,1.993519809,95,7.4,7.1,6.9,6.9,6.7,6.7,0,0,0,0,0,1,1,1,0,0,0,0,0,0,0,1,1,0,0,1,0,0,0,0,0,0,0,1,0,0,0,0,0,0,0,0,0,1,0,0,0,0
27,12,0,0,0.9022,64,0,0,0,0,0,0,2.698907956,0.932472699,-0.069915405,92,6.7,6.8,6.9,6.3,6.7,7,0,0,0,0,0,0,0,0,0,0,1,0,0,0,0,1,1,0,0,0,0,1,0,0,0,0,0,1,0,0,0,1,0,0,0,0,0,0,0,0,0,0
200,3,0,0,-0.9702,18,0,0,0,0,0,0,2.698907956,6.747269891,0.941553936,104,4.2,4.5,4.6,4,4.2,4.3,1,1,0,0,0,0,1,0,0,0,0,0,1,1,0,1,2,0,0,1,0,0,0,0,0,0,0,0,0,0,0,0,0,0,0,0,0,0,0,1,0,0
956,956,0,0,0.6798,56,0,0,1,2,2,2,2.698907956,8.096723869,1.493622519,120,7.1,6.9,6.7,6.9,6.7,6.8,0,1,0,0,0,0,1,0,0,0,0,0,1,1,0,3,1,0,0,1,0,0,0,0,0,0,0,0,0,1,0,0,0,0,0,0,0,0,1,0,0,0
209,2,0,0,0.9846,67,0,0,1,0,1,0,2.716708543,3.586055276,1.277052789,85,7.2,7,6.9,7.1,7.1,7.1,0,0,0,0,1,1,1,0,0,0,0,0,0,1,0,1,1,1,0,0,0,0,0,0,0,0,0,0,0,0,0,0,0,0,0,0,0,1,0,0,0,0
24,1,0,0,0.25,56,0,0,0,0,0,0,2.785829308,2.228663446,-1.780566308,90,7.6,7.4,6.7,7.6,7.5,7.3,0,0,0,0,0,1,1,0,0,0,0,1,0,0,0,1,2,0,0,1,0,0,0,0,0,0,0,0,0,1,0,0,0,0,0,0,0,0,1,0,0,0
602,602,0,2,0.7351,55,0,0,1,0,3,0,2.964504284,1.905752754,0.644877077,102,5.5,5.4,5.1,5.1,5.1,5.2,0,0,0,0,0,1,0,0,1,0,0,0,0,0,0,1,1,0,0,1,0,0,0,0,0,0,0,1,0,0,0,0,0,0,0,0,0,0,1,0,0,0
18,18,0,0,-0.2732,59,0,0,0,0,0,0,3.01183844,0.130111421,-2.338219487,90,5.9,5.9,6.1,5.9,5.9,6.3,0,0,0,0,1,0,1,0,0,0,0,0,1,0,0,2,2,1,0,0,0,0,0,0,0,1,0,0,0,0,0,0,0,0,0,0,0,0,0,0,0,1
14,1,0,0,0.7096,86,0,0,0,0,0,0,3.143053435,10.82900763,-0.833603257,101,7.8,7.6,7.4,7.9,7.7,7.6,0,0,0,0,0,0,1,0,0,0,0,0,0,1,0,1,1,0,0,0,0,0,1,0,1,0,0,0,0,0,0,0,0,0,0,0,0,0,1,0,0,0
130,124,0,0,-0.9217,54,0,0,0,0,0,0,3.143168605,0.090900436,-2.399374564,100,6.1,5.3,5.5,6.4,5.8,6.6,0,0,0,0,0,0,1,0,0,0,0,0,0,0,0,1,1,1,0,0,0,0,0,0,0,0,0,1,0,0,0,0,0,0,0,0,0,1,0,0,0,0
2591,2536,1,3,0.1027,41,0,0,1,0,2,0,3.191881919,95.01168512,4.228663621,86,5.6,5.6,5.6,6,5.8,5.8,0,0,0,0,1,0,0,0,1,0,0,0,1,0,0,1,2,0,0,1,0,0,0,0,0,0,0,1,0,0,0,0,0,0,1,0,0,0,0,0,0,0
897,897,1,0,0,94,1,0,1,0,2,0,3.191881919,11.91635916,2.153862459,108,8.2,7.8,7.4,7.9,7.7,7.2,0,0,0,0,0,0,1,1,0,0,0,0,0,0,0,3,2,0,0,1,0,0,0,0,0,0,0,1,0,0,0,0,0,1,0,0,0,0,0,0,0,0
2542,2527,0,0,-0.4215,53,0,0,1,0,2,0,3.260050251,84.43530151,3.956412498,110,6.9,6.6,6.6,6.8,6.7,6.8,0,0,0,0,0,0,0,0,1,1,0,0,1,0,0,4,1,0,0,1,0,0,0,0,0,0,0,0,0,0,0,0,1,0,0,0,0,0,0,0,0,0
60,47,0,1,0.0258,53,0,0,0,0,0,0,3.260050251,12.93153266,-0.719831725,87,5.4,5.1,4.9,5.6,5.3,4.8,0,0,0,0,0,1,0,1,0,0,0,0,0,0,0,1,1,0,0,1,0,0,0,1,0,0,0,0,0,0,0,0,0,0,0,0,0,1,0,0,0,0
7,2,0,0,-0.7184,68,0,0,0,0,0,0,3.268895349,0.695268895,-3.012692143,92,7.3,7.2,7,6.9,6.9,6.9,0,0,0,0,1,0,0,0,0,0,0,0,1,0,0,1,1,0,0,1,0,0,0,0,0,0,0,0,0,0,0,0,0,0,0,0,0,0,1,0,0,0
21,2,0,1,-0.5423,55,0,0,0,0,0,0,3.272383354,0.766828499,-0.265492102,86,6.3,6.1,5.4,6.2,6,5.9,0,1,0,0,0,1,0,0,0,0,0,0,1,0,0,1,2,0,0,1,0,0,0,0,0,0,0,1,0,0,0,0,0,0,1,0,0,0,0,0,0,0
30,30,0,0,-0.5719,28,0,0,0,0,0,0,3.272383354,0.15925599,-1.837242372,112,6,5.8,5.6,6,5.7,5.8,0,0,0,0,1,0,0,0,0,0,0,0,0,0,0,1,3,0,0,1,0,0,0,0,0,0,0,0,0,1,0,0,1,0,0,0,0,0,0,0,0,0
20,20,0,0,0.4927,58,0,0,0,0,0,0,3.288973384,0.129366286,-2.200671576,93,6.5,6.3,6.2,6.8,6.4,6.4,0,0,0,0,0,0,0,0,0,0,1,0,0,0,0,1,1,1,0,0,0,0,0,0,0,0,0,1,0,0,0,0,0,0,0,0,0,0,0,1,0,0
3239,3216,1,11,-0.0516,53,0,0,0,0,0,0,3.288973384,194.5975919,4.532258729,91,5.6,5.7,5.6,5.6,5.8,5.8,0,0,0,0,0,0,0,0,1,0,0,0,1,0,0,1,1,0,0,1,0,0,0,0,0,1,0,0,0,0,0,0,0,0,0,0,0,0,0,1,0,0
2666,2666,0,0,-0.8922,31,0,0,0,0,0,0,3.386120996,39.40213523,3.276137041,83,5.2,5.1,5.2,5.4,5.1,5.3,0,0,0,0,0,0,0,0,1,0,0,0,1,0,0,1,1,1,0,0,0,0,0,0,0,0,0,0,0,0,1,0,0,0,0,0,0,0,0,0,0,0
15,2,0,1,-0.296,81,0,0,1,0,2,0,3.46,2.768,-0.838172953,123,7.4,7.3,7.2,7.2,7.3,7.5,0,0,0,0,0,0,1,0,0,0,0,0,0,0,0,1,2,0,0,0,0,0,1,0,0,0,0,0,0,0,0,0,0,0,1,0,0,0,0,0,0,0
813,652,0,2,0.296,67,0,0,1,1,1,1,3.482286634,49.86634461,3.619800312,102,7.6,7.6,7.2,7.6,7.5,7.3,0,0,0,0,0,1,1,1,0,0,0,0,0,0,0,1,1,0,0,1,0,0,0,0,0,1,0,0,0,0,0,0,0,0,0,0,1,0,0,0,0,0
567,6,0,1,0.7906,88,0,0,0,1,0,1,3.493880049,51.87882497,2.629702642,105,8.7,8.3,8.1,8.5,8.2,8.2,0,0,0,0,0,0,1,0,0,0,0,0,0,0,0,1,1,0,0,1,0,0,0,0,0,0,0,1,0,0,0,0,0,0,0,0,0,0,0,1,0,0
170,5,0,5,-0.1531,81,0,0,1,1,1,1,3.508238276,15.6774398,1.849821104,105,7.3,7,6.8,7.5,7.2,7.2,0,0,0,0,0,1,1,1,0,0,0,0,0,0,0,2,1,0,0,1,0,0,0,0,0,0,0,0,1,0,0,0,0,0,0,0,0,0,1,0,0,0
435,435,0,2,-0.4215,47,0,0,0,0,0,0,3.614206128,4.818941504,1.250970675,92,6.6,6.5,6.2,6.6,6.5,6.4,0,0,0,0,0,1,1,0,0,0,0,0,0,0,0,1,1,0,0,1,0,0,0,0,0,0,0,1,0,0,0,0,0,0,0,0,0,0,1,0,0,0
64,26,0,1,0.5106,80,0,0,0,0,0,0,3.6215781,4.457326892,1.164307548,105,8,7.9,7.8,8,7.8,8,0,0,0,0,0,0,0,0,0,0,1,0,0,0,0,1,2,1,0,0,0,0,0,0,0,0,0,1,0,0,0,0,0,0,0,0,1,0,0,0,0,0
204,20,1,0,0.25,90,1,0,1,0,2,0,3.760869565,22.28663446,2.089256343,80,8.3,8,7.5,8,8,7,0,0,0,0,0,0,1,1,0,0,0,0,0,0,0,2,1,0,0,1,0,0,0,0,1,0,0,0,0,0,0,1,0,0,0,0,0,0,0,0,0,0
199,56,0,0,-0.5719,76,0,0,1,0,1,0,3.81778058,21.2704918,1.773305239,107,7.2,7.1,7.2,6.9,6.9,7.3,0,0,0,0,0,0,1,0,0,0,0,0,1,0,0,1,1,0,0,1,0,0,0,0,0,1,0,0,0,0,0,0,0,0,0,0,0,0,1,0,0,0
450,4,0,1,-0.3182,81,0,0,2,0,4,0,3.837135615,13.59442332,2.364089072,112,7.6,7.3,7,7.3,7.3,7.2,0,0,0,0,0,0,1,1,0,0,0,0,0,0,0,1,1,0,0,1,0,0,0,1,0,0,0,0,0,0,0,0,0,0,0,0,0,0,0,0,0,1
994,847,0,1,0.5034,86,0,0,3,1,7,1,3.837135615,38.04245881,3.126916173,106,7.2,7,7,7,7,6.9,0,0,0,0,0,1,1,0,0,0,0,0,0,0,0,1,1,0,0,1,0,0,0,0,0,0,0,1,0,0,0,0,0,0,0,0,1,0,0,0,0,0
4,3,0,0,0.6542,57,0,0,1,0,1,0,4.036666667,0.0512772,-13.81551056,101,6.9,6.8,6.7,6.7,6.7,6.8,0,1,0,0,0,1,1,0,0,0,0,0,0,1,0,1,3,0,0,1,0,0,0,0,0,0,0,0,1,0,0,0,0,0,0,0,0,0,1,0,0,0
1200,1200,0,0,0.4939,84,0,0,0,0,0,0,4.048361934,16.32839314,2.759288892,100,7.5,7.2,6.4,7.5,7.5,6.9,0,0,0,0,0,1,0,0,0,0,1,1,0,0,0,2,1,0,0,1,0,0,0,1,0,0,0,0,0,0,0,0,0,0,0,0,0,0,1,0,0,0
1652,1652,0,0,0.8074,30,0,0,0,0,0,0,4.048361934,25.09984399,3.078519322,94,6.9,6.9,6.4,6.6,6.6,6.5,0,0,0,0,0,1,0,0,0,0,0,0,0,0,0,2,1,0,0,1,0,0,0,0,0,0,0,1,0,0,0,0,0,0,0,0,0,0,0,1,0,0
122,6,0,0,0.6808,70,0,0,0,0,0,0,4.048361934,13.35959438,1.364410787,94,7.3,7.2,7.3,7.5,7.5,7.8,0,0,0,0,0,0,1,0,0,0,0,0,0,1,0,4,1,0,0,1,0,0,0,0,0,0,0,0,0,0,0,0,0,0,0,0,0,1,0,0,0,0
2615,2602,0,3,-0.743,30,0,0,0,0,0,0,4.104389087,53.76749703,3.592474369,91,4.6,4.5,4.5,5.1,4.7,4.8,0,0,0,0,0,0,0,0,0,0,0,0,1,0,0,1,1,0,0,1,0,0,0,0,0,0,0,1,0,0,1,0,0,0,0,0,0,0,0,0,0,0
79,79,0,5,-0.8047,52,0,0,1,0,1,0,4.104389087,0.19188019,-1.650884113,95,5.6,5.6,5.6,5.3,5.5,5.8,0,0,0,0,0,0,0,0,1,0,0,0,0,0,0,1,2,1,0,0,0,0,0,0,0,0,0,1,0,0,0,0,0,0,1,0,0,0,0,0,0,0
804,749,0,0,-0.6369,73,0,0,0,0,0,0,4.106888069,68.199877,1.949068046,130,6.7,6.4,6.5,6.9,6.7,6.9,0,1,0,0,0,0,1,0,0,0,0,0,0,0,0,2,2,1,0,0,0,0,0,0,1,0,0,0,0,0,1,0,0,0,0,0,0,0,0,0,0,0
47,4,0,1,-0.1779,77,0,0,0,0,0,0,4.129396985,0.666136935,-0.406260022,115,8.5,8.2,8,8.4,8.2,8.1,0,0,0,0,0,0,1,0,0,0,0,0,0,0,0,3,1,0,0,1,0,0,0,0,1,0,0,0,0,0,0,0,0,0,0,0,0,1,0,0,0,0
521,408,0,0,-0.8176,55,0,0,0,0,0,0,4.178743961,9.611111111,2.262919837,94,6.5,6.3,6.4,7.8,7.5,7.3,0,0,0,0,0,0,1,0,0,0,0,0,0,0,0,1,1,0,0,1,0,0,0,0,0,0,0,0,0,0,0,0,0,0,0,0,0,0,1,0,0,0
204,120,0,1,-0.7184,54,0,0,0,0,0,0,4.23500612,0.63630967,-0.452069932,95,6.2,6.1,5.9,6.1,5.9,6.1,0,0,0,0,1,0,0,0,0,0,0,0,1,0,0,1,1,1,0,0,0,0,0,0,0,0,0,0,1,0,0,0,1,0,0,0,0,0,0,0,0,0
48,48,0,0,-0.6486,74,0,0,1,0,1,0,4.23500612,0.394914321,-0.929086447,118,7.1,6.8,6.7,6.7,6.7,6.7,0,0,0,0,0,0,1,0,0,0,0,0,0,0,0,1,1,0,0,1,0,0,0,0,0,0,0,1,0,0,0,0,0,1,0,0,0,0,0,0,0,0
775,771,0,0,0,100,1,0,1,1,2,1,4.23500612,47.11444308,3.291839586,164,8.1,7.8,7.7,7.8,7.6,7.7,0,0,0,0,0,0,1,0,0,0,0,0,0,0,0,2,1,0,0,1,0,0,0,0,0,0,0,0,0,0,0,0,0,0,0,1,0,0,0,0,0,0
5,1,0,1,-0.6361,50,0,0,1,1,1,1,4.363177806,1.199873897,0.182216465,88,6.3,6.2,6.1,6,6,6.4,0,1,0,0,0,0,0,0,1,0,0,0,1,0,0,1,1,0,0,1,0,0,0,0,0,0,0,1,0,0,0,0,0,0,0,0,0,1,0,0,0,0
2,2,0,0,0.2732,46,0,0,0,0,0,0,4.363177806,0.388322825,-4.68078283,119,6.6,5.8,5.8,6.5,6.1,6.3,0,0,0,0,0,1,1,0,0,0,0,0,0,0,0,3,1,0,0,1,0,0,0,0,0,0,0,1,0,0,0,0,0,0,0,0,0,0,0,0,1,0
14,2,0,0,0,32,0,0,0,0,0,0,4.382666667,0.129173333,-2.130369991,84,6,5.8,5.6,6.1,5.5,6.1,0,0,0,0,0,1,0,0,0,0,0,0,0,0,0,2,1,0,0,1,0,0,0,0,0,1,0,0,0,0,0,0,0,0,0,1,0,0,0,0,0,0
120,33,0,0,-0.7184,86,0,0,0,0,0,0,4.385297845,46.26489227,1.478257547,120,7.3,7.1,7.2,7.3,7.3,7.6,0,0,0,0,0,0,1,0,0,0,0,0,0,0,0,2,1,1,0,0,0,0,0,0,1,0,0,0,0,0,0,0,0,0,1,0,0,0,0,0,0,0
11,7,0,0,0.9136,56,0,0,1,0,2,0,4.622137405,0.150549618,-1.956832173,98,6.5,6.4,6.1,6.7,6.5,6.5,0,0,0,0,0,1,1,0,0,0,0,0,0,0,0,1,1,0,0,1,0,0,0,0,1,0,0,0,0,0,0,1,0,0,0,0,0,0,0,0,0,0
26,3,0,0,-0.8355,66,0,0,0,0,0,0,4.818941504,11.08356546,-0.424386021,103,7,6.9,7.1,7.2,7.3,7.6,0,0,0,0,0,0,1,0,0,0,0,0,0,0,1,3,2,0,0,1,0,0,0,1,0,0,0,0,0,0,0,0,0,0,0,0,0,0,0,0,1,0
1001,886,0,0,0.5106,68,0,0,1,0,1,0,4.894218942,24.68388684,3.130051332,103,7.5,7.3,7.3,7.5,7.4,7.4,0,0,0,0,0,1,1,0,0,0,0,0,0,0,0,1,1,1,0,0,0,0,0,0,0,0,0,0,0,0,0,0,0,0,0,1,0,0,0,0,0,0
41,41,0,0,0.2382,36,0,0,0,0,0,0,4.933460076,2.192648923,-2.124444211,104,6,5.9,5.9,6.1,5.8,5.9,0,0,0,0,0,0,1,0,1,1,0,0,1,0,0,1,1,0,0,1,0,0,0,0,0,0,0,1,0,0,0,0,0,1,0,0,0,0,0,0,0,0
252,35,0,0,0,64,0,0,1,0,2,0,5.029069767,4.651889535,1.104409406,90,6.5,6.5,6.6,6.7,6.3,6.7,0,0,0,0,0,1,0,1,0,0,0,0,1,1,0,1,1,0,0,1,0,0,0,0,0,0,0,1,0,0,0,1,0,0,0,0,0,0,0,0,0,0
81,78,0,1,-0.9246,37,0,0,1,0,1,0,5.10701107,11.27798278,-0.187745836,90,6,5.7,5.4,5.6,5.3,5,0,0,0,0,0,0,1,0,0,0,0,0,1,1,0,2,4,0,0,1,0,0,0,0,0,0,0,0,0,0,0,0,0,0,1,0,0,0,0,0,0,0
2503,2503,0,2,-0.836,77,0,0,0,0,0,0,5.130486358,60.53973903,3.805396366,108,7.3,6.9,6.9,6.9,6.8,7.1,0,0,0,0,0,0,0,0,0,1,0,0,1,0,0,1,1,0,0,1,0,0,0,0,0,0,0,0,0,0,0,0,0,0,0,0,1,0,0,0,0,0
3148,3069,0,9,-0.6997,55,0,0,0,0,0,0,5.130486358,101.0705813,4.203222018,94,6.3,6.2,5.9,6.4,6.3,6.1,0,0,0,0,0,0,0,0,1,0,0,0,1,0,0,1,1,1,0,0,0,0,0,0,0,0,0,0,0,0,0,0,0,0,0,0,0,0,1,0,0,0
3415,3355,0,1,0.296,38,0,0,0,0,0,0,5.130486358,55.81969158,3.332649251,103,6.8,6.6,6.6,7,6.8,7,0,1,0,0,0,0,0,0,0,0,0,0,1,0,0,3,1,0,0,1,0,0,0,0,0,1,0,0,0,0,0,0,0,0,0,0,0,1,0,0,0,0
899,878,0,1,-0.8442,28,0,0,0,0,0,0,5.130486358,4.966310795,1.60267727,121,4.6,4.3,4.6,5.5,5,6,0,0,0,0,0,0,1,0,0,0,0,0,0,0,0,2,1,1,0,0,0,0,0,0,0,0,0,1,0,0,0,0,0,0,0,0,0,0,1,0,0,0
20,1,0,0,0.9485,69,0,0,1,0,1,0,5.19,0.88576,-1.126744309,97,6.7,6.4,6.4,6.6,6.3,6.1,0,0,0,0,0,1,1,0,0,0,0,0,0,0,0,1,1,0,0,1,0,0,0,0,0,0,0,0,1,0,0,0,0,0,0,0,0,0,0,1,0,0
139,139,0,0,-0.9118,53,0,0,1,0,1,0,5.233888115,0.229066835,-1.473741463,107,6.5,6.4,6.5,6.8,6.6,7,0,0,0,0,0,0,0,0,1,0,0,0,1,0,0,2,1,0,0,1,0,0,0,0,0,1,0,0,0,0,0,0,0,0,0,0,0,1,0,0,0,0
1495,1495,0,0,-0.5423,27,0,0,1,0,1,0,5.282442748,6.114427481,1.810651139,84,6.2,5.9,5.8,6.5,6.2,6.3,0,0,0,0,0,1,0,0,0,0,0,0,0,1,0,4,1,0,0,1,0,0,0,0,0,0,0,1,0,0,0,0,0,0,0,0,0,0,0,0,1,0
541,538,0,3,0,48,1,0,1,0,1,0,5.282442748,51.76793893,2.629469528,96,6.7,6.6,6.6,6.9,6.8,7.1,0,0,0,0,0,1,0,0,0,1,0,0,0,0,0,1,1,1,0,0,0,0,0,0,0,0,0,0,0,0,0,0,0,0,0,0,1,0,0,0,0,0
165,7,0,0,0.4939,74,0,0,0,0,0,0,5.282442748,17.69618321,1.271346044,109,6.9,6.5,7,7.5,7.2,7.5,0,0,0,0,0,1,1,0,0,0,0,0,0,0,0,1,1,0,0,1,0,0,0,1,0,0,0,0,0,0,0,0,0,0,0,0,0,0,0,1,0,0
1046,1044,0,0,0.128,25,0,0,0,0,0,0,5.29375765,11.01101591,2.398896218,98,5.3,4.8,5.2,6,5.6,6.5,0,0,0,0,0,1,0,0,0,0,0,0,0,0,0,1,1,0,1,0,0,0,0,0,1,0,0,0,0,0,0,0,1,0,0,0,0,0,0,0,0,0
1543,1540,0,0,0.6808,38,0,0,0,0,0,0,5.29375765,7.623011016,2.031171438,100,5.3,5.3,5.4,5.5,5.5,5.5,1,1,0,0,0,0,0,0,1,0,0,0,1,0,0,1,3,0,0,1,0,0,0,0,0,0,0,0,0,0,0,0,0,0,0,0,0,0,1,0,0,0
242,242,0,0,-0.9695,9,0,0,0,0,0,0,5.29375765,0.900997552,-0.104252738,99,3.7,4,4.9,4.7,4,5.5,0,0,0,0,1,0,1,0,0,1,0,0,0,0,0,1,1,1,0,0,0,0,0,0,0,0,0,1,0,0,0,0,0,0,0,0,0,0,1,0,0,0
2650,2640,0,0,-0.7964,38,0,0,0,0,0,0,5.29375765,44.36168911,3.115797485,93,6.3,6,5.8,6.5,6.2,6,0,0,0,0,0,0,0,0,1,0,0,0,1,0,0,1,1,0,0,1,0,0,0,0,0,0,0,0,0,0,0,0,0,0,0,0,0,1,0,0,0,0
2899,2858,0,5,-0.6087,38,0,0,0,0,0,0,5.29375765,109.6866585,3.986953336,89,4.3,4.3,4.6,4.7,4.7,5.1,0,0,0,0,0,0,0,0,1,0,0,0,0,0,0,1,2,1,0,0,0,0,0,0,0,0,0,1,0,0,0,0,0,0,0,0,0,0,0,1,0,0
2883,2867,1,1,-0.8573,42,0,0,0,0,0,0,5.29375765,96.24051408,3.538330501,84,5,5,4.9,5,5,4.8,0,0,0,0,0,0,0,0,1,0,0,0,1,0,0,1,1,0,0,1,0,0,0,0,0,1,0,0,0,0,1,0,0,0,0,0,0,0,0,0,0,0
427,374,0,0,-0.8402,60,0,0,1,0,2,0,5.29375765,2.646878825,0.973381144,112,7.1,6.9,6.9,7,6.9,7.3,0,0,0,0,0,0,1,0,0,1,0,0,1,1,0,1,1,0,0,1,0,0,0,0,0,0,0,0,0,0,0,0,0,0,0,0,0,0,0,1,0,0
1318,765,0,1,-0.3818,72,0,0,2,1,3,1,5.29375765,46.47919217,2.990947282,99,7.5,7.3,7.4,7.7,7.6,7.6,0,0,0,0,0,0,1,0,0,0,0,0,0,0,0,1,1,1,0,0,0,0,0,0,0,0,0,1,0,0,0,0,0,0,0,0,0,0,0,0,0,1
1379,1104,0,2,-0.8271,63,0,0,1,0,1,0,5.319803198,33.72755228,2.708173195,94,5.4,5.4,5.2,4.9,4.9,5,0,0,0,0,0,0,1,0,0,0,0,0,0,1,0,1,2,0,0,1,0,0,0,0,0,0,0,0,0,0,1,0,0,0,0,0,0,0,0,0,0,0
2648,2648,0,2,-0.6486,61,0,0,0,0,0,0,5.319803198,46.81426814,3.383430811,104,6.7,6.4,6.3,6.5,6.4,6.4,0,0,0,0,0,0,0,0,1,0,0,0,0,0,0,1,1,0,0,1,0,0,0,0,0,0,0,0,0,1,0,0,0,0,0,0,0,0,1,0,0,0
2700,2700,0,0,-0.8777,35,0,0,0,0,0,0,5.319803198,16.17220172,2.783293825,88,3.9,3.9,4.1,4.1,4.1,4.6,0,0,0,0,0,0,0,0,1,0,0,0,1,0,0,1,1,1,0,0,0,0,0,0,0,0,0,0,0,0,0,1,0,0,0,0,0,0,0,0,0,0
1110,666,0,0,0,84,0,0,0,2,0,2,5.319803198,58.73062731,3.3688851,117,8.1,7.8,7.8,8.1,8,8,0,0,0,0,0,0,1,0,0,0,0,0,0,0,0,2,1,0,0,1,0,0,0,0,0,0,0,0,1,0,0,0,0,0,0,0,0,0,1,0,0,0
42,18,0,0,0.4939,55,0,0,0,0,0,0,5.397815913,0.170031201,-1.771773322,101,6.9,6.9,6.6,7.4,7.3,7.3,0,0,0,0,0,0,0,0,0,0,0,0,0,0,0,1,2,0,1,0,0,0,0,0,1,0,0,0,0,0,1,0,0,0,0,0,0,0,0,0,0,0
2949,2949,1,1,-0.7553,40,0,0,0,0,0,0,5.397815913,199.3143526,4.765608169,92,6.7,6.5,6.3,6.8,6.5,6.4,0,0,0,0,0,0,0,0,1,0,0,0,0,0,0,1,1,0,0,1,0,0,0,0,0,0,0,1,0,0,0,0,0,0,0,0,0,0,0,1,0,0
332,3,0,2,0.6732,75,1,0,0,1,0,1,5.433417085,9.997487437,2.302333805,100,6.9,6.6,6.8,6.7,6.7,7.2,0,0,0,0,0,1,1,0,0,0,0,0,0,1,0,1,1,1,0,0,0,0,0,0,0,0,0,1,0,0,0,0,0,1,0,0,0,0,0,0,0,0
3412,3412,1,9,-0.2023,40,0,0,0,0,0,0,5.433417085,155.178392,4.070260799,95,4.5,4.5,4.6,4.8,4.7,4.9,0,0,0,0,0,0,0,0,1,0,0,0,0,0,0,1,1,0,0,1,0,0,0,0,0,1,0,0,0,0,0,0,0,0,0,0,0,0,0,1,0,0
91,3,0,0,-0.5423,85,0,0,2,0,3,0,5.453972257,3.381462799,0.617534536,120,7.7,7.4,7.1,7.4,7.2,7.5,0,0,0,0,0,0,1,0,0,0,0,0,1,0,0,1,1,0,0,1,0,0,0,0,0,0,0,1,0,0,0,0,0,0,0,0,0,0,0,0,1,0
3329,3321,1,4,-0.8658,59,0,0,0,0,0,0,5.453972257,225.7944515,4.731297185,83,5.9,5.8,5.6,5.8,5.9,5.9,0,0,0,0,0,0,0,0,1,0,0,0,0,0,0,1,1,0,0,1,0,0,0,0,0,1,0,0,0,0,0,0,0,0,0,0,0,0,0,1,0,0
3330,3328,0,0,-0.3182,24,0,0,0,0,0,0,5.453972257,27.92433796,2.960470925,86,5.2,5.2,5.3,5.1,5.1,5.3,0,0,0,0,1,0,0,0,1,0,0,0,1,0,0,2,2,1,0,0,0,0,0,0,0,1,0,0,0,0,0,0,0,0,0,0,1,0,0,0,0,0
245,218,0,0,-0.4019,65,0,0,1,0,1,0,5.481622307,2.960076046,1.085214959,97,6.5,6.4,6.4,6.1,6.1,6.3,0,0,0,0,0,1,1,1,0,0,0,0,0,0,0,1,1,0,0,1,0,0,0,0,0,0,0,1,0,0,0,0,0,0,0,0,0,0,0,1,0,0
44,30,0,0,-0.9457,65,0,0,0,0,0,0,5.481622307,5.152724968,-1.404146041,89,7.6,7.5,7.4,7.6,7.7,7.7,0,0,0,0,0,1,0,0,1,0,0,0,0,0,0,1,2,0,0,1,0,0,0,0,0,0,0,1,0,0,1,0,0,0,0,0,0,0,0,0,0,0
131,5,0,0,0.1531,76,0,0,1,1,2,1,5.481622307,5.591254753,0.880420546,91,7.2,6.9,6.9,7.1,6.9,7.1,0,0,0,0,0,0,1,0,0,0,0,0,0,0,0,1,1,1,0,0,0,0,0,0,0,0,0,0,0,0,0,0,0,0,0,0,0,0,0,0,0,1
675,607,1,2,-0.1779,76,0,0,0,0,0,0,5.571658615,41.78743961,2.934088111,99,8,7.9,7.7,7.9,8,7.6,0,0,0,0,0,1,0,0,1,0,0,0,0,0,0,1,3,0,0,1,0,0,0,0,0,0,0,1,0,0,0,0,0,1,0,0,0,0,0,0,0,0
23,2,0,0,-0.296,76,0,0,0,0,0,0,5.766666667,20.64466667,-1.141081472,99,7.4,7.2,6.9,7.4,7.4,7.2,0,0,0,0,0,1,1,0,0,0,0,0,0,0,0,2,1,0,0,0,0,0,1,0,0,1,0,0,0,0,0,0,0,0,0,0,0,0,1,0,0,0
252,8,0,6,-0.5204,67,0,0,0,0,0,0,5.766666667,11.30266667,1.752094213,97,8,7.9,7.7,7.9,7.9,7.7,0,0,0,0,1,0,1,0,0,0,0,0,0,0,0,2,1,0,0,1,0,0,0,0,0,0,0,1,0,0,0,0,0,0,0,1,0,0,0,0,0,0
753,625,0,0,0.0258,43,0,0,1,0,1,0,5.823133415,5.823133415,1.338024258,120,6.8,6.5,6.4,6.9,6.7,6.8,0,0,0,0,0,1,1,0,0,0,0,0,0,0,0,1,1,0,0,1,0,0,0,0,0,0,0,0,1,0,1,0,0,0,0,0,0,0,0,0,0,0
77,77,0,0,0.1531,56,0,0,2,0,3,0,5.823133415,0.046585067,-13.81551056,120,5.9,5.4,5.7,5.6,5.3,5.5,0,0,0,0,0,0,1,0,0,0,0,0,0,0,0,1,2,1,0,0,0,0,0,0,0,0,0,0,0,1,0,0,0,0,0,0,0,0,1,0,0,0
978,717,0,0,0,55,0,0,0,0,0,0,5.851783518,105.4384994,3.857487587,115,7.6,7.4,7.2,8,7.8,7.6,0,0,0,0,0,1,1,0,0,0,0,0,0,0,0,2,1,1,0,0,0,0,0,0,0,0,0,0,1,0,0,0,0,0,0,0,1,0,0,0,0,0
33,2,0,0,-0.9081,37,0,0,2,0,4,0,6.02367688,1.566155989,-0.356744584,106,5.8,5.7,5.4,6,5.7,5.9,1,1,0,0,0,1,0,0,0,0,0,0,1,0,0,1,1,0,0,1,0,0,0,1,0,0,0,0,0,0,0,0,0,1,0,0,0,0,0,0,0,0
401,48,0,0,-0.3818,56,0,0,0,0,0,0,6.02367688,5.54178273,1.597246912,110,6.9,6.7,6.8,7,6.9,7.4,0,0,0,0,0,1,1,0,0,0,0,0,0,0,0,3,1,1,0,0,0,0,0,0,0,1,0,0,0,0,0,0,0,0,0,0,0,1,0,0,0,0
642,642,0,0,0.3612,61,0,0,2,1,6,1,6.02367688,19.99860724,2.67946539,102,6.8,6.8,6.9,6.9,6.9,7.1,0,0,0,0,0,1,1,0,0,0,0,0,0,0,0,2,1,0,0,1,0,0,0,0,0,0,0,1,0,0,1,0,0,0,0,0,0,0,0,0,0,0
2333,2333,0,2,0.9274,46,0,0,0,0,0,0,6.15658363,11.38967972,1.306696394,96,6.3,5.9,5.6,6.2,5.9,6.1,0,0,0,0,0,0,1,1,0,0,0,1,0,0,0,2,3,0,0,1,0,0,0,0,0,1,0,0,0,0,0,0,0,0,0,0,0,1,0,0,0,0
862,862,0,1,0,86,1,0,1,1,1,1,6.15658363,36.32384342,2.713610043,117,8.3,8,7.9,8.5,8.2,8.2,0,0,0,0,0,0,1,0,0,0,0,0,1,0,0,1,2,0,0,1,0,0,0,0,0,0,0,1,0,0,0,0,0,0,0,0,0,0,0,1,0,0
15,15,0,0,-0.6705,52,0,0,0,0,0,0,6.286337209,0.98318314,-2.498292351,90,6.5,6.2,5.7,6.7,6.5,6.2,0,0,0,0,0,0,1,0,0,0,0,0,0,0,1,2,1,0,0,1,0,0,0,1,0,0,0,0,0,0,1,0,0,0,0,0,0,0,0,0,0,0
27,27,0,3,-0.0258,48,0,0,1,1,1,1,6.35250918,0.034197674,-3.375597637,86,5.8,5.4,5.6,6.1,5.9,6,0,0,0,0,0,0,1,0,0,0,0,0,0,0,0,1,1,1,0,0,0,0,0,1,0,0,0,0,0,0,1,0,0,0,0,0,0,0,0,0,0,0
2023,2023,0,3,-0.8442,18,0,0,5,2,9,2,6.383763838,34.47232472,2.236750119,90,4.2,4.5,4.6,4,4.2,4.3,0,0,0,0,0,1,0,0,0,0,0,0,0,0,0,1,1,0,0,1,0,0,0,0,1,0,0,0,0,0,1,0,0,0,0,0,0,0,0,0,0,0
2337,2195,0,7,-0.5994,55,0,0,0,0,0,0,6.477379095,108.7659906,4.156210346,94,5.9,5.9,5.8,5.7,5.6,5.8,0,0,0,0,0,0,0,0,1,0,0,0,0,0,0,1,1,0,0,1,0,0,0,0,0,0,0,0,0,0,1,0,0,0,0,0,0,0,0,0,0,0
2801,2801,0,6,0.5719,37,0,0,1,1,3,1,6.520100503,14.34422111,2.525477357,96,7.3,6.9,6.8,7.3,6.9,7,0,0,0,0,0,0,1,0,0,0,0,0,1,0,0,2,1,1,0,0,0,0,0,0,0,0,0,1,0,0,0,0,0,0,0,0,0,0,1,0,0,0
203,4,0,1,-0.7906,78,0,0,1,0,1,0,6.544766709,21.37957125,1.773305239,96,7.4,7.3,7.3,7.2,7.2,7.3,0,1,0,0,0,1,0,0,0,0,0,0,1,1,0,2,1,0,0,1,0,0,0,0,0,0,0,0,0,0,0,0,0,0,0,0,1,0,0,0,0,0
2150,2150,1,0,0,65,0,0,0,0,0,0,6.603053435,35.65648855,3.460306112,97,7.6,7.4,7,7.3,7.1,7,0,0,0,0,0,1,0,0,0,0,0,0,0,0,0,1,1,0,0,1,0,0,0,0,0,0,0,0,0,0,0,0,0,0,1,0,0,0,0,0,0,0
4,4,0,0,0.5994,56,0,0,0,0,0,0,6.603053435,0.186206107,-3.962432801,86,6.9,6.5,6.5,7.1,6.7,6.7,0,0,0,1,0,0,1,0,0,0,0,0,0,0,0,1,1,0,1,0,0,0,0,0,0,1,0,0,0,0,0,0,0,0,0,0,0,0,0,0,1,0
3215,3185,1,28,-0.8339,37,0,0,0,0,0,0,6.881884945,272.0991432,4.491472277,99,5.4,5.3,5.4,5.5,5.4,5.6,0,0,0,0,0,0,0,0,1,0,0,0,0,0,0,1,1,0,0,1,0,0,0,0,0,0,0,0,0,0,0,0,0,0,0,0,0,0,0,1,0,0
195,4,0,4,0.0516,68,0,0,2,0,2,0,6.915744157,2.553505535,0.89490752,116,6.9,6.7,6.7,7.3,7.1,6.9,0,0,0,0,0,0,1,0,0,0,0,0,1,0,0,1,2,1,0,0,0,0,0,0,0,0,0,1,0,0,0,0,0,0,1,0,0,0,0,0,0,0
269,2,0,1,-0.4191,66,0,0,1,1,1,1,6.92,9.111333333,2.044763827,104,7.5,7.4,7.4,7.4,7.3,7.5,0,0,0,0,0,1,1,0,0,0,0,0,0,0,0,1,1,1,0,0,0,0,0,0,0,0,0,1,0,0,0,0,1,0,0,0,0,0,0,0,0,0
72,3,0,0,-0.8316,61,0,0,2,1,3,1,6.964573269,11.42190016,0.426708605,101,7.8,7.7,7.5,7.9,7.8,7.7,0,0,0,0,0,0,1,0,0,0,0,0,1,0,0,1,2,0,0,1,0,0,0,1,0,0,0,0,0,0,0,1,0,0,0,0,0,0,0,0,0,0
630,244,0,0,0.9201,65,0,0,4,1,10,1,6.981084489,38.28688525,2.767927814,99,7.1,6.8,7.1,7.1,6.9,7,0,0,0,0,0,0,1,0,0,0,0,0,0,0,0,1,1,0,0,1,0,0,0,1,0,0,0,0,0,0,0,0,0,0,0,0,0,0,0,1,0,0
148,5,0,0,-0.0772,50,0,0,4,1,5,1,7.182680902,0.587953737,-0.531107013,103,6.4,6.2,6.4,6.9,6.7,7.1,0,0,0,0,0,0,1,1,0,0,0,0,0,0,0,1,1,1,0,0,0,0,0,0,0,0,0,1,0,0,0,0,0,0,0,0,0,0,0,1,0,0
2035,2035,0,1,0,56,0,0,0,0,0,0,7.19924338,41.12295082,3.705899612,112,5.4,5.1,5.2,6.2,6.1,6.3,0,0,0,0,0,1,0,0,0,0,0,0,0,0,0,1,1,1,0,0,0,0,0,0,0,0,0,1,0,0,0,0,0,0,1,0,0,0,0,0,0,0
69,1,0,0,-0.6249,16,0,0,1,1,1,1,7.228412256,0.062766713,-2.768330392,85,5.1,4.7,4.3,4.8,4.3,4.8,0,0,0,0,0,1,0,0,0,0,0,0,0,0,0,2,1,0,0,1,0,0,0,0,0,0,0,1,0,0,0,0,0,0,0,0,0,0,1,0,0,0
776,4,0,1,-0.866,81,1,0,2,0,3,0,7.228412256,53.85167131,3.452019349,109,8,8,7.7,7.6,7.6,7.4,0,0,0,0,0,0,1,1,0,0,0,0,0,0,0,1,1,0,0,1,0,0,0,0,0,0,0,0,0,1,0,0,0,0,0,0,0,0,1,0,0,0
142,6,0,1,-0.4588,61,0,0,1,0,2,0,7.228412256,3.855153203,0.928197283,99,7.3,7,6.5,7,6.8,6.6,0,0,0,0,0,0,1,0,0,0,0,0,0,0,0,1,1,0,0,1,0,0,0,0,0,0,0,0,0,0,0,0,0,0,0,0,1,0,0,0,0,0
1789,1789,0,0,0.9042,73,0,0,0,0,0,0,7.41126071,15.47682987,2.739344058,116,7,6.5,6.2,7.3,6.9,7,0,0,0,0,0,0,1,1,0,0,0,0,0,0,0,1,1,1,0,0,0,0,0,0,0,1,0,0,0,0,0,0,0,0,0,0,0,0,1,0,0,0
2544,2544,0,1,-0.5719,34,0,0,0,0,0,0,7.41126071,39.06793146,2.817100352,89,4,4.1,4.3,4,4.1,4.4,0,0,0,0,0,0,0,0,1,0,0,0,0,0,0,1,1,0,0,1,0,0,0,0,0,1,0,0,0,0,1,0,0,0,0,0,0,0,0,0,0,0
3,3,0,0,0.9633,90,0,0,0,0,0,0,7.447724477,0.030429274,-3.492350164,170,7.2,6.4,6,6.4,6.2,6.3,0,0,0,0,1,0,1,0,0,0,0,0,0,0,0,1,1,0,0,0,0,0,1,0,0,1,0,0,0,0,0,1,0,0,0,0,0,0,0,0,0,0
90,3,0,0,0.296,80,0,0,0,0,0,0,7.455006337,3.837135615,0.833900531,130,8.4,8.2,8,8.5,8.4,7.8,0,0,0,0,0,0,1,0,0,1,0,0,0,0,1,3,2,0,0,1,0,0,0,0,0,0,0,0,1,0,0,0,0,0,0,0,0,0,1,0,0,0
50,4,0,1,-0.8689,77,0,0,2,0,2,0,7.496666667,1.73,0.23796648,113,7.3,7.1,7.1,7.1,7,7.2,0,0,0,0,0,0,1,0,0,0,0,0,0,0,0,2,1,0,0,1,0,0,0,0,0,0,0,1,0,0,0,0,0,0,0,0,0,0,0,0,1,0
3083,3083,0,2,-0.4939,31,0,0,1,1,3,1,7.498115578,48.14007538,3.536287442,101,5.6,5.3,5.5,6.1,5.7,5.9,0,0,0,0,0,0,0,0,1,0,0,0,1,0,0,1,1,1,0,0,0,0,0,0,0,0,0,1,0,0,0,0,0,0,0,0,0,0,1,0,0,0
2332,2332,0,0,0.1779,13,0,0,0,0,0,0,7.543604651,22.88226744,2.809157498,89,2.9,2.6,2.8,4,3.3,3.5,0,0,0,1,0,1,0,0,0,0,0,0,0,0,0,1,1,0,1,0,0,0,0,0,0,1,0,0,0,0,0,0,0,0,0,0,0,1,0,0,0,0
179,179,0,0,0.875,74,0,0,0,0,0,0,7.60678392,14.51265704,-13.81551056,76,7.5,7.2,7.3,8,7.8,7.8,0,0,1,0,0,0,0,0,0,0,0,0,0,0,0,1,1,0,1,0,0,0,0,0,0,0,0,0,0,0,0,0,0,0,0,0,0,0,0,1,0,0
2780,2730,0,2,-0.8402,68,0,0,2,0,2,0,7.60678392,52.26947236,3.796702388,109,7.8,7.5,7.4,7.7,7.5,7.5,0,0,0,0,0,0,1,0,0,0,0,0,1,1,0,2,1,0,0,1,0,0,0,0,0,0,0,0,0,0,0,0,0,0,0,0,0,0,1,0,0,0
3120,2930,0,10,0.6705,72,1,1,0,1,0,1,7.60678392,181.6934673,4.816693722,110,6.2,6,5.7,6.2,6.1,6,0,0,0,0,0,1,1,0,0,0,0,0,0,0,0,1,1,0,0,1,0,0,0,0,0,0,0,0,0,0,0,0,0,0,0,1,0,0,0,0,0,0
80,1,0,0,-0.8225,68,0,0,1,1,1,1,7.63556116,6.544766709,0.617534536,112,7.6,7.4,7.3,7.8,7.7,7.6,0,0,0,0,0,0,1,0,0,0,0,0,1,0,0,1,2,0,0,1,0,0,0,0,0,1,0,0,0,0,0,0,0,0,0,0,0,0,1,0,0,0
1023,1023,0,2,-0.4537,30,0,0,0,0,0,0,7.659541985,9.256160305,2.225289309,95,2.2,1.8,2,3.5,2.6,3.1,1,1,0,0,0,0,1,0,0,0,0,0,0,0,0,1,1,1,0,0,0,0,0,0,0,0,0,1,0,0,0,0,0,0,0,0,0,0,1,0,0,0
33,2,0,0,0.8484,56,0,0,1,0,1,0,7.674271229,0.502116603,-0.699899967,108,6.1,5.8,5.8,6.3,5.8,6.1,0,0,0,0,0,1,0,0,0,0,0,0,0,0,0,1,2,0,0,1,0,0,0,0,0,0,0,0,0,1,0,0,0,0,0,0,0,1,0,0,0,0
42,42,0,0,-0.8122,45,0,0,1,1,1,1,7.674271229,0.419892269,-0.867757104,106,7.3,7,6.7,7.2,7,6.9,0,0,0,0,0,0,1,0,0,0,0,0,0,0,0,1,1,0,0,1,0,0,0,0,0,0,0,1,0,0,1,0,0,0,0,0,0,0,0,0,0,0
2194,2194,0,0,-0.6808,45,0,0,0,0,0,0,7.923664122,83.59465649,4.4259796,110,4.6,3.8,4.5,6.8,6.7,6.6,0,0,0,0,0,1,1,1,0,0,0,0,0,0,0,2,1,1,0,0,0,0,0,0,0,0,0,1,0,0,0,1,0,0,0,0,0,0,0,0,0,0
540,4,0,0,0.6486,74,0,0,0,1,0,1,7.923664122,63.91755725,3.145993173,121,7.8,7.7,7.6,7.9,7.8,7.8,0,0,0,0,0,0,1,0,0,0,0,0,0,0,0,4,3,0,0,1,0,0,0,0,0,0,0,1,0,0,0,0,0,0,0,0,0,0,1,0,0,0
145,19,0,1,-0.7184,80,0,0,1,0,1,0,8.071878941,17.34363178,1.185518574,136,7.4,7,6.8,7.3,7.1,7,0,0,0,0,1,0,1,0,0,0,0,0,0,0,0,1,3,0,0,1,0,0,0,0,0,0,0,0,0,0,0,0,0,0,1,0,0,0,0,0,0,0
262,6,0,1,0.6249,79,0,0,0,0,0,0,8.073333333,36.21466667,2.361859785,105,7.3,6.9,6.8,7,6.8,6.8,0,0,0,0,0,1,1,0,0,0,0,0,0,0,0,3,3,0,0,1,0,0,0,0,0,0,0,1,0,0,0,0,0,0,0,0,0,0,0,1,0,0
1361,819,0,0,-0.0258,83,0,0,3,1,4,1,8.073333333,54.668,3.818956972,112,7.4,7.3,7.2,7,7.1,7.3,0,0,0,0,0,0,1,1,0,0,0,1,0,0,0,2,1,0,0,1,0,0,0,0,0,1,0,0,0,0,0,0,0,0,0,0,0,0,0,0,0,1
573,4,0,0,0,88,0,0,1,0,1,0,8.208778173,5.848754448,1.360763616,90,7.6,7.1,6.7,7.1,6.7,6.7,0,0,1,0,0,1,1,1,0,0,0,0,0,0,0,1,1,0,0,1,0,0,0,0,0,1,0,0,0,0,0,0,0,0,0,0,0,0,0,0,0,1
2011,868,0,8,-0.7964,67,0,0,1,0,1,0,8.357487923,309.784219,5.112201179,122,7.6,7.5,7.4,7.7,7.7,7.9,0,0,0,0,0,0,0,0,0,0,1,0,0,0,0,2,1,0,0,1,0,0,0,0,0,0,0,1,0,0,0,0,0,0,0,1,0,0,0,0,0,0
21,9,0,0,-0.886,79,0,0,1,0,2,0,8.399117276,1.199873897,-0.19148574,123,6.5,6,5.9,6.6,6.2,7.1,0,0,0,0,0,0,1,0,0,0,0,0,1,0,0,1,2,0,0,1,0,0,0,1,0,0,0,0,0,0,0,1,0,0,0,0,0,0,0,0,0,0
67,19,0,1,0.4404,55,0,0,1,0,1,0,8.419333333,11.87933333,0.730442965,103,7.3,7.2,7.2,7.3,7.1,7.3,0,1,0,0,0,0,1,0,0,0,0,0,1,1,0,1,1,0,0,1,0,0,0,0,0,1,0,0,0,0,0,0,0,0,0,0,0,0,0,0,1,0
2124,2123,0,1,0,15,0,0,0,0,0,0,8.433147632,7.589832869,1.733822447,94,5,4.4,4,4.8,4.3,4.6,0,0,0,0,0,1,0,0,0,0,0,0,0,0,0,1,1,0,0,1,0,0,0,0,0,0,0,0,0,0,0,0,0,0,0,0,0,1,0,0,0,0
17,2,0,1,-0.3322,34,0,0,0,1,0,1,8.47001224,0.056113831,-2.880372953,112,5.4,5,5.2,5.9,5.6,5.5,0,0,0,0,0,0,1,0,0,0,0,0,0,0,0,2,3,0,0,1,0,0,0,0,0,1,0,0,0,0,0,1,0,0,0,0,0,0,0,0,0,0
2809,2809,0,1,0.9682,36,0,0,0,0,0,0,8.47001224,42.87943696,3.319025726,94,6.3,5.8,5.7,6.3,6,5.8,0,0,0,0,0,1,0,1,0,0,0,0,0,0,0,1,1,0,0,1,0,0,0,0,0,1,0,0,0,0,1,0,0,0,0,0,0,0,0,0,0,0
1302,939,0,0,0.5719,62,0,0,4,0,7,0,8.511685117,67.56150062,2.84700964,104,7.6,7.3,7.3,7.5,7.4,7.5,0,0,0,0,0,1,1,1,0,0,0,1,0,0,0,1,1,0,0,1,0,0,0,0,0,0,0,0,1,0,0,0,0,0,0,0,0,0,1,0,0,0
50,15,0,0,-0.1531,82,0,0,0,0,0,0,8.583969466,30.24198473,0.865880936,124,7.7,7.5,7.4,7.8,7.6,7.7,0,0,0,0,0,0,1,0,0,0,0,0,0,0,1,3,6,0,0,0,0,0,1,0,0,0,0,0,0,0,0,0,0,0,1,0,0,0,0,0,0,0
1010,28,0,0,0.8126,68,0,0,2,0,3,0,8.583969466,24.0351145,2.873348978,88,5.8,5.9,5.9,5.6,5.8,6,0,0,0,0,0,1,1,1,0,0,0,0,0,0,0,1,1,0,0,1,0,0,0,0,0,0,0,0,0,0,0,0,0,0,0,0,0,0,1,0,0,0
763,761,0,1,0,85,0,0,3,0,3,0,8.65,30.102,2.676353114,100,7.3,7.1,7.3,7.5,7.3,7.4,0,0,0,0,0,0,1,1,0,0,0,0,0,0,0,1,2,1,0,0,0,0,0,0,0,0,0,0,0,0,0,0,0,0,0,0,0,0,0,1,0,0
2622,2575,0,3,0.8777,56,0,0,0,0,0,0,8.721826809,44.63523132,3.552123074,100,6.4,6.1,6.3,6.8,6.7,6.7,0,0,0,0,0,1,0,1,0,0,0,0,0,0,0,1,1,1,0,0,0,0,0,0,0,0,0,1,0,0,0,1,0,0,0,0,0,0,0,0,0,0
245,245,0,0,0.0747,57,0,0,2,0,2,0,8.726355612,6.108448928,1.185518574,113,6.5,6.5,6.8,6.8,6.8,6.9,0,0,0,0,0,0,1,0,0,0,0,0,0,0,0,2,2,0,0,1,0,0,0,0,0,1,0,0,0,0,0,0,0,0,0,0,0,0,0,0,0,1
2479,2458,0,1,0.2023,72,0,0,1,0,1,0,8.726355612,42.7591425,3.642254347,100,7.8,7.6,7.4,7.7,7.6,7.5,0,0,0,0,0,1,1,0,0,0,0,0,0,0,0,1,1,0,0,1,0,0,0,0,0,0,0,1,0,0,0,0,0,0,0,0,0,0,1,0,0,0
2730,2730,0,1,-0.3612,50,0,0,0,0,0,0,8.726355612,11.01702396,2.399441709,104,5.4,4.9,4.8,5.8,5.3,5.9,0,0,0,0,0,1,0,0,0,0,0,0,0,0,0,1,1,0,1,0,0,0,0,0,0,0,0,1,0,0,0,0,0,1,0,0,0,0,0,0,0,0
2974,2856,0,5,-0.25,72,0,0,4,0,4,0,8.770595691,82.2243346,4.159279076,92,7,6.9,7,7.5,7.2,7.3,0,0,0,0,0,1,0,0,0,0,0,0,0,0,0,1,1,1,0,0,0,0,0,0,0,0,0,1,0,0,0,0,0,0,0,0,0,0,1,0,0,0
13,4,0,0,-0.7717,41,0,0,0,0,0,0,8.770595691,3.837135615,-2.124444211,98,6.9,6.7,6.8,7.2,7,7,0,1,0,0,0,1,0,0,0,0,0,0,0,0,0,1,2,1,0,0,0,0,0,0,0,0,0,0,0,0,0,0,0,0,0,1,0,0,0,0,0,0
236,6,0,0,0.866,80,1,0,1,1,1,1,8.770595691,21.59759189,1.255113996,129,7.6,7.3,7.4,7.2,7.2,7.4,0,0,0,0,0,1,1,0,0,0,0,0,0,0,0,1,1,1,0,0,0,0,0,0,0,0,0,1,0,0,0,0,0,0,0,0,0,0,0,0,1,0
757,742,0,0,-0.5106,63,0,0,1,0,2,0,8.770595691,7.126108999,1.948261177,101,7.3,7,6.9,7.3,7,6.9,0,0,0,0,0,1,1,0,0,0,0,0,0,0,0,1,1,1,0,0,0,0,0,0,1,0,0,0,0,0,0,0,0,0,0,0,1,0,0,0,0,0
1020,5,0,0,0.6709,71,2,0,1,1,1,1,8.771450858,53.03354134,3.510543703,92,7.7,7.6,7.4,7.4,7.4,7.5,0,0,0,0,0,1,1,0,0,0,0,0,0,0,0,1,1,0,0,1,0,0,0,1,0,0,0,0,0,0,0,0,0,0,0,0,0,0,1,0,0,0
2766,2766,0,1,-0.7003,76,0,0,1,0,1,0,8.999388005,40.97368421,3.535248835,117,8.1,7.7,7.7,7.7,7.5,7.7,0,0,0,0,0,0,1,0,0,0,0,0,1,1,0,1,1,0,0,1,0,0,0,0,0,0,0,0,0,0,0,0,0,0,0,0,0,0,0,1,0,0
37,33,0,1,-0.3612,68,0,0,0,0,0,0,9.03551532,0.213238162,-1.545345608,107,6.7,6.6,6.6,7.1,6.8,6.9,0,0,0,0,0,0,1,0,0,0,0,0,1,0,0,1,1,1,0,0,0,0,0,0,1,0,0,0,0,0,0,0,1,0,0,0,0,0,0,0,0,0
2230,2027,0,1,0.4019,34,0,0,1,0,2,0,9.043665437,23.93911439,3.134691712,96,4.8,4.7,4.5,5.8,5.3,5.6,0,0,0,0,0,1,0,0,0,0,0,0,0,0,0,1,1,1,0,0,0,0,0,0,0,0,0,1,0,0,0,0,0,0,0,0,0,0,1,0,0,0
200,10,0,1,0.6908,73,0,0,2,0,2,0,9.05394525,16.57568438,1.164307548,105,7.5,7.3,7.2,7.1,7.1,7.2,0,0,0,0,0,0,1,0,0,0,0,0,1,1,0,2,1,0,0,1,0,0,0,0,0,0,0,0,0,0,0,0,0,0,0,0,0,0,1,0,0,0
1905,1864,0,18,-0.3818,69,1,0,4,1,4,1,9.05394525,137.0628019,4.331432308,112,7.8,7.8,7.7,7.9,7.9,7.6,0,0,0,0,0,0,1,0,0,0,0,0,0,0,0,5,2,0,0,1,0,0,0,0,1,0,0,0,0,0,1,0,0,0,0,0,0,0,0,0,0,0
65,5,0,0,0.2509,59,0,0,1,0,1,0,9.05394525,2.089371981,0.331398425,96,6.6,6.5,7,6.9,6.9,7.2,0,0,0,0,0,0,1,1,0,0,0,0,0,0,0,1,1,0,0,1,0,0,0,0,0,0,0,1,0,0,0,0,0,0,0,0,1,0,0,0,0,0
24,24,0,1,-0.8519,37,0,0,1,0,1,0,9.132265718,0.051407473,-2.967971722,93,6.4,6,6,6.5,6.1,6.3,0,1,0,0,0,0,0,0,0,0,0,0,1,1,0,1,1,0,0,1,0,0,0,0,0,0,0,1,0,0,0,0,0,0,0,0,0,0,0,0,1,0
1614,1611,0,5,-0.9435,61,0,0,0,1,0,1,9.226666667,12.456,2.522202435,92,6.2,6.2,6.2,5.8,6,6.1,0,0,0,0,0,1,0,0,0,0,0,0,0,0,0,1,1,0,0,1,0,0,0,0,0,0,0,0,0,0,0,0,0,0,0,0,0,0,1,0,0,0
1941,1941,0,1,0.9761,29,0,0,1,2,2,2,9.226666667,33.44666667,2.95806502,97,5.4,5.4,5.7,5.7,5.7,6.2,0,0,0,0,0,1,0,0,0,0,0,0,0,0,0,2,2,0,1,0,0,0,0,0,0,0,0,1,0,0,1,0,0,0,0,0,0,0,0,0,0,0
524,68,0,0,-0.8625,24,0,0,1,0,1,0,9.226666667,12.22533333,2.474800195,118,6.6,6.1,6.1,7.2,6.7,6.8,0,1,0,0,0,0,0,0,0,0,0,0,1,1,0,3,1,0,0,1,0,0,0,0,1,0,0,0,0,0,0,0,0,0,0,0,0,0,0,0,1,0
2534,1019,0,11,0,81,2,0,1,1,1,1,9.429505814,290.931686,5.195275704,96,7.4,7.5,7.6,7.6,7.7,7.4,0,0,0,0,0,1,1,1,0,0,0,0,0,0,0,1,1,1,0,0,0,0,0,0,0,1,0,0,0,0,0,0,0,0,0,0,0,0,0,0,0,1
1239,1239,0,1,0,88,2,0,3,2,5,2,9.446177847,66.39313573,3.660075437,114,7.5,7.3,7.4,7.6,7.4,7.8,0,0,0,0,0,0,1,0,0,0,0,0,0,1,0,1,2,0,0,1,0,0,0,0,0,0,0,1,0,0,0,0,0,0,0,0,0,0,1,0,0,0
1823,1823,0,0,-0.7096,69,0,0,0,1,0,1,9.52876377,22.86903305,3.129783727,121,7.3,7.5,7.6,7.2,7.3,7.6,0,0,0,0,0,0,1,0,0,0,0,0,0,0,0,1,1,1,0,0,0,0,0,0,0,0,0,0,1,0,0,0,0,0,0,0,0,0,1,0,0,0
2856,2805,1,2,-0.8316,50,0,0,0,0,0,0,9.52876377,118.4742962,4.333756531,104,6.5,6.3,6.3,6.8,6.5,6.4,0,0,0,0,0,0,0,0,1,0,0,0,1,0,0,1,2,0,0,1,0,0,0,0,0,0,0,0,0,0,0,0,0,0,0,0,1,0,0,0,0,0
483,6,0,0,-0.5571,87,0,0,0,0,0,0,9.575645756,14.4698647,1.902548031,106,7,6.9,6.9,6.6,6.7,6.9,1,1,0,0,0,0,1,0,0,0,0,0,0,0,0,1,1,1,0,0,0,0,0,0,0,0,0,1,0,0,0,0,0,0,0,0,0,0,0,1,0,0
333,3,0,6,0.296,94,1,0,1,0,1,0,9.671482412,21.51633166,1.985237847,127,8,7.7,7.8,7.9,7.9,8.1,0,0,0,0,0,0,1,1,0,0,0,0,0,0,0,1,3,1,0,0,0,0,0,0,0,0,0,0,0,1,0,0,0,0,0,0,1,0,0,0,0,0
380,19,0,1,0.6705,81,0,0,0,0,0,0,9.803333333,16.608,1.624260841,119,7.1,6.7,6.8,7.3,7.1,7.3,0,0,0,0,0,0,1,1,0,0,0,0,0,0,0,2,3,0,1,0,0,0,0,0,0,0,0,0,0,0,0,0,0,0,0,0,0,0,0,0,1,0
2040,2040,0,0,0.8745,48,0,0,0,0,0,0,9.817150063,20.39785624,2.563444685,84,4.7,4.5,5,6.7,6.4,6.7,0,0,0,1,0,0,0,0,0,0,1,1,0,0,0,1,1,0,1,0,0,0,0,0,0,0,0,0,0,0,0,0,0,0,0,0,0,1,0,0,0,0
47,33,0,0,0.1406,41,0,0,0,0,0,0,9.866920152,0.969150824,-0.03133503,130,6.2,5.8,5.9,6.7,6.4,6.6,0,0,0,0,0,0,1,0,0,0,0,0,0,0,0,1,1,0,1,0,0,0,0,0,0,0,0,1,0,0,0,0,0,0,1,0,0,0,0,0,0,0
25,1,0,0,0.802,53,0,0,1,0,1,0,10.05813953,0.575828488,-0.551945426,99,6.8,6.4,6.1,6.8,6.1,6.4,0,1,0,0,0,0,1,0,0,0,0,0,1,0,0,1,1,0,0,1,0,0,0,1,0,0,0,0,0,0,0,0,0,1,0,0,0,0,0,0,0,0
1074,842,0,0,0.7835,57,0,0,0,0,0,0,10.10762608,8.276549815,2.113426193,88,6.7,6.6,6.7,6.6,6.5,6.7,0,0,0,0,0,1,0,0,0,0,0,0,0,0,0,1,1,0,0,1,0,0,0,0,0,0,0,1,0,0,0,0,0,0,0,0,0,0,1,0,0,0
12,10,0,0,-0.925,47,0,0,0,0,0,0,10.2402507,10.72214485,-2.096522527,98,6.4,6.1,6,6.4,6.1,6.1,1,1,0,0,0,0,0,0,0,0,0,0,1,0,0,4,1,0,0,1,0,0,0,0,0,0,0,0,0,0,0,0,0,0,0,0,0,0,0,0,0,1
142,10,0,2,0.7498,44,0,0,2,0,3,0,10.26097272,3.386120996,-0.59413417,122,5.6,5,4.9,5.9,5.3,4.6,0,0,0,0,0,0,1,1,0,0,0,0,0,0,0,3,2,0,0,1,0,0,0,0,0,0,0,0,0,0,0,0,0,0,0,0,0,0,0,0,1,0
15,15,0,0,-0.3818,42,0,0,1,1,2,1,10.26097272,0.017956702,-4.019791849,111,5.5,5.1,5.2,5.2,5.3,5.3,0,0,0,0,0,0,1,0,0,0,0,0,1,0,0,1,1,0,0,1,0,0,0,0,0,1,0,0,0,0,0,0,0,0,0,0,1,0,0,0,0,0
2022,1573,0,0,0.8176,51,0,0,3,0,7,0,10.26097272,88.24436536,3.525295831,122,6.5,6.3,6.5,6.8,6.7,7,0,0,0,0,0,1,1,0,0,0,0,0,0,0,0,1,2,0,1,0,0,0,0,0,0,0,0,0,0,0,0,1,0,0,0,0,0,0,0,0,0,0
2799,2766,0,3,-0.5994,32,0,0,0,0,0,0,10.26097272,54.28054567,3.347194962,97,5.3,5.1,5.2,5.6,5.4,5.4,0,0,0,0,0,0,0,0,1,0,0,0,0,0,0,1,1,0,0,1,0,0,0,0,0,1,0,0,0,0,0,0,0,0,0,0,0,1,0,0,0,0
3014,3002,1,1,-0.6705,52,0,0,0,0,0,0,10.26097272,115.9489917,3.980845044,97,6.2,5.9,5.9,6.2,6.2,6.2,0,0,0,0,0,0,1,0,1,0,0,0,1,0,0,2,2,1,0,0,0,0,0,0,0,0,0,0,0,0,0,0,0,0,0,1,0,0,0,0,0,0
739,739,0,0,0,58,0,0,2,1,3,1,10.26097272,11.08185053,1.748529147,107,7.1,6.9,7,7.1,7,7.2,0,0,0,0,0,1,1,0,0,0,0,1,0,0,0,2,1,0,0,1,0,0,0,0,0,0,0,0,0,0,0,0,1,0,0,0,0,0,0,0,0,0
713,762,0,0,-0.3818,77,0,0,1,0,2,0,10.26097272,17.7514828,2.053910796,97,6.5,6.3,6.2,6.2,6.2,6.2,0,0,0,0,0,1,1,0,0,1,0,0,0,0,0,1,1,0,0,1,0,0,0,0,0,0,0,1,0,0,0,0,0,1,0,0,0,0,0,0,0,0
67,2,0,2,0.8126,70,0,0,0,0,0,0,10.5648855,0.562580153,-0.909349231,91,6.6,6.7,6.8,7,7.1,7.2,0,0,0,0,0,1,1,1,1,0,0,0,0,0,0,1,1,0,0,1,0,0,0,0,0,0,0,0,0,0,0,0,0,0,0,0,0,0,1,0,0,0
2195,2195,0,0,-0.9054,72,0,0,0,0,0,0,10.5648855,24.95954198,3.211951141,112,7.2,7.3,7.7,7.5,7.6,8.1,0,0,0,0,0,0,1,0,0,0,0,0,0,0,0,1,1,0,1,0,0,0,0,0,0,0,0,1,0,0,0,0,0,1,0,0,0,0,0,0,0,0
6,6,0,0,-0.128,36,0,0,0,0,0,0,10.5648855,0.188847328,-2.627797298,107,6.8,6.4,6.3,7,6.5,6.7,0,1,0,0,0,0,1,0,0,1,0,0,1,1,0,1,1,0,0,1,0,0,0,0,0,0,0,0,0,1,0,1,0,0,0,0,0,0,0,0,0,0
1602,691,0,1,0.5859,80,0,0,4,1,4,1,10.5648855,132.721374,4.370770776,102,7.9,7.8,7.6,8,8.1,7.6,0,0,0,0,0,1,1,0,0,0,0,0,0,0,0,1,1,0,0,1,0,0,0,0,0,1,0,0,0,0,0,0,0,0,0,0,1,0,0,0,0,0
1408,1307,0,2,0.6808,62,0,0,1,1,5,2,10.5875153,31.02141983,2.731239061,105,7,6.8,6.9,7.2,7,7.1,0,0,0,0,0,0,1,0,0,0,0,0,0,0,0,3,2,1,0,0,0,0,0,0,0,1,0,0,0,0,0,0,0,0,0,0,0,0,0,0,0,1
960,852,0,6,0.5267,76,0,0,2,2,2,2,10.6396064,34.68511685,3.134691712,130,7.6,7.3,7.4,7.3,7.1,7.4,0,0,0,0,0,0,1,0,0,0,0,0,0,0,0,1,1,1,0,0,0,0,0,0,0,1,0,0,0,0,0,0,0,0,1,0,0,0,0,0,0,0
1016,1013,0,0,0.6705,68,0,0,2,0,2,0,10.79563183,31.84711388,3.399792339,116,7.5,7.4,7.2,7.2,7.2,7.5,0,0,0,0,0,0,1,0,0,0,0,0,0,0,0,1,1,0,0,1,0,0,0,0,0,0,0,1,0,0,0,0,0,0,0,0,1,0,0,0,0,0
28,3,0,0,0.7783,65,0,0,2,0,2,0,10.79563183,1.151084243,-0.264174795,112,6.6,6.4,6.4,6.6,6.4,6.5,0,0,0,0,0,0,1,1,0,0,0,0,0,0,0,2,1,0,0,1,0,0,0,0,0,0,0,1,0,0,0,0,0,0,1,0,0,0,0,0,0,0
2506,695,0,0,-0.4939,79,0,0,1,1,1,1,10.79563183,171.9204368,4.648686831,80,7.4,7.6,7.7,7.7,8,8.2,0,0,0,1,0,0,0,0,0,0,1,0,0,0,0,2,1,0,0,0,1,0,0,0,0,1,0,0,0,0,1,0,0,0,0,0,0,0,0,0,0,0
2421,2421,0,0,0.9189,64,0,0,0,0,0,0,10.84261838,40.3586351,3.636247484,89,6.7,6.6,6.5,6.8,6.7,6.5,0,0,0,0,0,1,0,1,0,0,0,1,0,0,0,1,1,1,0,0,0,0,0,0,0,0,0,1,0,0,0,0,0,0,0,0,0,0,0,1,0,0
1625,1625,0,0,0,59,0,0,2,0,3,0,10.86683417,10.4321608,2.043225105,101,6.8,6.6,6.6,6.8,6.7,6.8,0,0,0,0,1,1,1,1,0,0,0,0,0,0,0,1,1,0,0,1,0,0,0,0,0,0,0,1,0,0,0,0,0,0,0,1,0,0,0,0,0,0
1298,1233,0,0,0.6249,62,0,0,3,0,8,0,10.90794451,149.220681,3.924205745,124,7.2,7.1,7.3,7.4,7.4,7.8,0,0,0,0,0,1,1,0,0,0,0,0,0,0,0,2,3,1,0,0,0,0,0,1,0,0,0,0,0,0,0,0,0,0,0,0,0,0,0,0,1,0
513,254,0,0,0,60,0,0,0,0,0,0,10.90794451,4.799495586,1.545521308,83,6.7,6.4,6.4,6.5,6.3,6.6,0,0,0,0,0,1,1,0,0,0,0,0,0,0,0,1,1,0,0,1,0,0,0,0,1,0,0,0,0,0,0,0,0,0,0,0,0,0,1,0,0,0
2555,2555,0,0,0.976,60,0,0,0,0,0,0,10.90794451,27.0517024,3.297749939,90,6.6,6.4,6.3,6.5,6.4,6.4,0,0,0,0,0,1,1,0,0,0,0,0,0,0,0,1,1,0,0,1,0,0,0,0,0,0,0,1,0,0,0,0,0,0,0,0,0,1,0,0,0,0
18,3,0,0,-0.5719,56,0,0,0,0,0,0,10.90794451,0.331601513,-1.103821292,127,3.8,4.1,5,5.2,5.1,5.9,0,0,0,0,0,0,1,1,0,0,0,0,0,0,1,3,1,0,0,1,0,0,0,0,0,0,0,1,0,0,0,0,0,0,0,0,0,0,0,0,0,1
75,3,0,0,-0.886,62,0,0,1,1,1,1,10.90794451,4.03593947,0.780053466,102,6.9,6.7,6.6,6.6,6.5,6.6,0,0,0,0,0,0,1,0,0,0,0,0,1,1,0,1,1,0,0,1,0,0,0,0,0,0,0,0,1,0,0,0,0,0,0,0,0,0,1,0,0,0
216,4,0,0,0,64,0,0,1,0,1,0,10.90794451,1.963430013,0.67469295,98,7.3,7.1,7.1,7.5,7.3,7.5,0,0,0,0,0,0,1,0,0,0,0,0,0,0,0,2,1,1,0,0,0,0,0,0,0,0,0,1,0,0,0,0,0,0,0,1,0,0,0,0,0,0
1876,1862,0,2,0.7964,76,0,0,1,0,1,0,10.95666667,19.83733333,2.915245022,107,6.9,6.8,6.7,6.6,6.5,6.5,0,0,0,0,0,1,0,0,0,0,0,0,0,0,0,1,1,0,0,1,0,0,0,0,0,0,0,1,0,0,0,0,0,1,0,0,0,0,0,0,0,0
244,244,0,2,0.5859,65,0,0,1,0,1,0,10.96324461,5.152724968,1.372897032,106,6.6,6.4,6.5,6.9,6.6,6.6,0,0,0,0,0,0,1,0,0,0,0,1,0,0,0,1,1,0,0,1,0,0,0,0,0,0,0,1,0,0,0,0,1,0,0,0,0,0,0,0,0,0
2551,2551,0,1,-0.5574,43,0,0,0,0,0,0,10.96324461,10.19581749,2.23202935,90,5.8,5.5,4.7,5.4,4.8,4.5,1,1,0,0,0,1,0,0,0,0,0,0,0,0,0,2,1,0,0,1,0,0,0,0,0,0,0,1,0,0,0,0,0,0,1,0,0,0,0,0,0,0
2811,2809,0,0,-0.8316,44,0,0,0,0,0,0,10.96324461,68.73954373,3.606489253,80,6.2,6.2,6.4,6.3,6.3,6.7,0,0,0,0,0,0,0,0,1,1,0,0,1,0,0,3,1,1,0,0,0,0,0,0,0,1,0,0,0,0,1,0,0,0,0,0,0,0,0,0,0,0
2883,2880,0,9,-0.5423,26,0,0,0,0,0,0,10.96324461,73.23447402,3.155354108,100,4.2,4.4,4.8,4.4,4.3,4.8,0,0,0,0,1,0,0,0,0,0,0,0,0,0,0,1,1,1,0,0,0,0,0,0,0,0,0,0,0,0,0,0,0,0,0,0,0,0,0,0,1,0
83,64,0,0,-0.25,59,0,0,0,0,0,0,10.96324461,23.13244613,2.133183515,111,7.3,7.3,7.5,7.7,7.7,7.9,0,0,0,0,0,0,1,0,0,0,0,0,0,0,1,5,1,1,0,0,0,0,0,0,0,0,0,0,0,0,0,0,0,0,0,0,0,0,1,0,0,0
